Title,DOI,"RQ1.1.P1
 Lifecycle Stage","RQ1.1.P2
 Energy Awareness Stage","RQ1.1.P3
 Integration Approach","RQ1.2.P1
 Component Type","RQ1.2.P2
 Energy consumption source","RQ1.2.P3
 Component Relationship","RQ2.1.P1
 Measurement Level","RQ2.1.P2
 Measurement Technique","RQ2.1.P3
 Data Collection","RQ2.1.P4
 Implementation Approach","RQ2.2.P1
 Tool Type","RQ2.2.P2
 Deployment Method","RQ2.2.P3
 Analysis Capability","RQ2.2.P4
 Granularity","RQ2.3.P1
 Metric Type","RQ2.3.P2
 Measurement Scope","RQ2.3.P3
 Normalization Basis","RQ2.3.P4
 Business Relevance","RQ3.1.P1
 Modernization Strategy","RQ3.1.P2
 Solution Category","RQ3.1.P3
 Implementation Technologies","RQ3.2.P1
 Quality Attribute","RQ3.2.P2
 Trade-off Relationship","RQ3.2.P3
 Trade-off Severity","RQ3.2.P4
 Trade-off Strategy","RQ3.3.P1
 Challenge Type","RQ3.3.P2
 Adoption Phase","RQ3.3.P3
 Challenge Complexity","RQ3.3.P4
 Mitigation Approach"
A Black-box Monitoring Approach to Measure Microservices Runtime Performance,10.1145/3418899,Runtime,N/A,Runtime monitoring,Container; pod; host,CPU; power consumption; network activity,N/A,Thread; container; pod; host,RAPL-based power attribution,kernel-level monitoring via eBPF; user-space aggregation; 1s samples ,benchmarking with external tool,"kernel-level monitoring via eBPF; user-space aggregation
",kernel-level instrumentation; user-space agent; remote backend,Per container energy; bottleneck detection,thread; container; pod; host,"Energy (J); Power (W); CPU Usage (%); CPU load avg, RAM (%), Network I/O; Execution time",container; pod; host,n/a,n/a,N/A,N/A,N/A,performance,degrades,N/A,N/A,measurement - difficult to obtain accurate low-level power and performance data without overhead,operation,N/A,N/A
A Microservice Store for Efficient Edge Offloading,10.1109/GLOBECOM38437.2019.9014114,N/A,N/A,N/A,N/A,N/A,N/A,OS-level,Android Battery Manager charge-counter readings,Reading battery charge counter,Android BatteryManager API,Android BatteryManager (OS battery API) ,Android BatteryManager (OS battery API) ,per-execution energy per microservice; cold vs warm start comparison; correlation with latency; comparison to local execution,per execution (per microservice),consumed battery power (per execution); battery life savings (%),single service (per execution),per execution,battery lifetime; end-to-end latency,Edge offloading via microservice store,ochestration/chaining; resource/workload management,Docker; CSAR/TOSCA; MongoDB; Flask; Android; TensorFlow/OpenCV,Latency; energy efficiency,Store placement vs latency/energy,High (14× latency diff; 80–95% battery savings),Co-locate store; warm-start caching; QoS monitoring,N/A,N/A,N/A,N/A
Adaptive Security Framework for the Internet of Things: Improving Threat Detection and Energy Optimization in Distributed Environments,10.1109/ACCESS.2024.3486983,N/A,N/A,N/A,microservices; Kubernetes orchestrator; ROS-based components; IoT sensors; gateways; central processing server,energy consumption from adaptive reconfiguration; communication paths; redistribution of computational resources among IoT nodes; LoRa communication between devices,"dynamic reconfiguration of communication paths and redistribution of resources increases energy consumption but improves resilience
",IoT node and system level,Simulation metrics; power usage modeled (mAh),Multi-scale/multi-domain simulation,Adaptive security framework with ROS + Kubernetes,Adaptive security framework with ROS + Kubernetes,Microservices in containers orchestrated via kubernetes; ROS on IoT nodes/gateways,Threat detection precision; response time; energy consumption monitoring,Device-level and system level,power consumption (mAh); percentage increase in energy consumption under threats,entire IoT system,N/A,N/A,adaptive reconfiguration of communication paths; redistribution of computational resources among IoT nodes; integration of ROS-based adaptive architectures; microservices orchestration with Kubernetes,adaptive security / dynamic reconfiguration,ROS; Kubernetes,Security; energy efficiency; latency,Faster response and higher precision increase energy consumption,Moderate (5-8% higher energy),Dynamic reconfiguaration; load redistribution,technical challenges; device heterogeneity; communication latency; energy-constrained IoT nodes; controlled-environment limitations,operation,complex,N/A
Agile C-states: A Core C-state Architecture for Latency Critical Applications Optimizing both Transition and Cold-Start Latency,10.1145/3674734,N/A,N/A,N/A,service; router; setalgebra; recommend; memcached,CPU Core; caches; branch predictors; FIVR; ADPLL,communication overhead between services,hardware,direct power measurements (RAPL),sampling,external tool (RAPL),RAPL,N/A,N/A,per core,power; average power; core average power savings,entire application,N/A,user-perceived performance,hardware redesign,power management,N/A,Performance,degrades,minor - performance overhead is at most 2%,hardware optimization,technical – unpredictable idle time makes deep C-states ineffective; technical – cold-start latency degrades microservice performance; technical – strict QoS constraints limit use of deep idle states,operation,complex,hardware-based C-state redesign
An Empirical Evaluation of the Energy and Performance Overhead of Monitoring Tools on Docker-Based Systems,10.1007/978-3-031-48421-6_13,Design,N/A,Runtime monitoring,Containers; microservices; monitoring components,CPU; RAM; network traffic,monitoring components running alongisde microservices compete for shared resources; increasing energy consumption,hardware,physical power meter (Watts Up Pro),sampling; 1s samples; 390 runs,external power meter; benchmark system (TrainTicket); experiment runner,energy meter,external device,total energy consumption,Machine level,total energy consumption (J),entire application,N/A,N/A,N/A,N/A,N/A,performance,degrades,"severe — strong correlation between higher energy consumption and increased CPU usage, CPU load, and execution time",N/A,"measurement – energy measurement requires extra effort and technical skills and relies on specialized hardware meters; technical – monitoring components themselves add overhead and compete for resources, complicating energy-efficient operation",operation,complex,N/A
An energy saving approach: understanding microservices as multidimensional entities in p2p networks,10.1145/3412841.3441888,Runtime,Runtime,Runtime monitoring,Services; devices' CPU; RAM; network interface; disk,CPU; RAM; network interfaces; disk,Data transfer between devices increases NIC/disk load and raises energy consumption,Hardware,Model-based estimation,Data frames collecting resource-availability measurements,DRACeo simulator,Simulator,External simulator via API,Network-wide energy consumption,Per device (node),Energy consumption; QoS; energy cost of microservice movements,Entire network,N/A,QoS,Migration; duplication; stopping/starting microservices,Scheduling,MAAN (P2P overlay),QoS,Balances,Moderate - higher energy in stress tests but significantly better QoS,Scheduling algorithm (migration/duplication decisions),Technical - approach needs evaluation in more realistic architectures with additional constraints like discovery and replication restrictions,Software Production stage,Complex,N/A
Analyzing Energy-Efficient and Kubernetes-Based Autoscaling of Microservices Using Probabilistic Model Checking,10.1007/s10723-024-09789-9,Design,Design,"design constraints (as scaling constraints formalized and verified at design time)
","pods; CPU utilization; latency; host energy consumption
",CPU utilization (host energy consumption driven by pod allocation),N/A,Hardware (Host level),Model-based estimation,"sampling (via Kubelet collecting raw metrics)
","external tool (PRISM model checker)
",Model checker,External tool,host energy consumption verification,per host,host energy consumption; energy violation; performance-resource ratio,Infrastructure,N/A,SLA compliance (energy violations indicate breaches of energy thresholds),Energy-driven autoscaling policies,Autoscaling,Kubernetes,Performance (latency),Balances,N/A,"adaptive policy (energy-latency-CPU constrained autoscaling)
",N/A,N/A,N/A,N/A
Anomaly Detection and Root Cause Analysis of Microservices Energy Consumption,10.1109/ICWS62655.2024.00079,N/A,Runtime,Runtime monitoring,service; container,CPU; memory; disk I/O,N/A,container; service,software-based power measurement,Prometheus scraping,external tool,monitoring platform; energy meter,agent,per service energy,container,energy consumption,service,time window,N/A,N/A,N/A,N/A,Performance,degrades,severe - monitoring technologies (e.g. Prometheus) have a substantial impact on system performance and resource consumption,tuning,technical - monitoring tools impose substantial performance and resource overhead; measurement - missing or inconsistent disk usage metrics hinder accurate analysis,operation,N/A,N/A
Containerized Microservices Orchestration and Provisioning in Cloud Computing: A Conceptual Framework and Future Perspectives,10.3390/app12125793,Runtime,Explicitly at runtime,Runtime Monitoring,Containers; virtual machines; physical machines; microservices,CPU; switching equipment; storage devices; network communication,N/A,"Hardware (CPU, switching equipment, storage devices)",Model-based estimation,Monitoring,External Tool,Monitoring Platform (StressCloud),N/A,N/A,N/A,energy consumption; power consumption; power usage efficiency (PUE); carbon footprint,Infrastructure,N/A,Cost; SLA compliance; response time,Intelligent partitioning; dynamic allocation; resource optimization; mutation actions; rank-based distribution of microservices,Scheduling; resource management; container orchestration; workload distribution,Docker; Docker Swarm; Kubernetes; MiCADO; CloudSim; DeathStarBench; StressCloud,Performance; response time; availability; resource utilization; network latency; SLA compliance; cost,N/A,N/A,N/A,N/A,N/A,N/A,N/A
DECA: A Dynamic Energy Cost and Carbon Emission-Efficient Application Placement Method for Edge Clouds,10.1109/ACCESS.2021.3075973,N/A,N/A,N/A,containerized microservices,CPU of compute nodes; Network devices (switches and routers),Communication between components; container placement to reduce network traffic & energy consumption,Component Level; Network Level,Model-based estimation,Monitoring,Simulation in CloudSim,Simulator (CloudSim),N/A,N/A,Per host/node,Energy cost; carbon emissions,Infrastructure,N/A,Cost,dynamic application placement; re-optimization using migration,Scheduling,CloudSim,cost; carbon emission,Balances,N/A,Multi-objective optimization,N/A,N/A,N/A,N/A
DRACeo: A smart simulator to deploy energy saving methods in microservices based networks,10.1109/WETICE49692.2020.00026,Deployment; Runtime,Introduced at configuration/deployment by defining device energy models and parameters,"As runtime (centralized/decentralized) scheduling with redeployment/migration/duplication and device start/stop, guided by QoS and energy monitoring/analysis.",Microservices; devices; scheduling algorithms,"Usage level of devices, including CPU frequency, hard disk transfer rates & network transfer rates",N/A,Hardware level; microservice level,N/A,Simulated events,Simulated execution,Simulator,Run as a desktop application,Energy consumption per device or entire scenario,Per device,Power Consumption,Device level,N/A,N/A,N/A,N/A,N/A,N/A,N/A,N/A,N/A,N/A,N/A,N/A,N/A
Dynamic Management of Constrained Computing Resources for Serverless Services,10.1109/TNSM.2024.3497155,Deployment; Runtime,Runtime,Runtime monitoring / runtime optimization,"Containers (cold, warm, running) and servers",CPU load / active servers,Reuse of warm containers reduces cold-starts and lowers CPU/energy usage,Server; request,model-based estimation,Logging,benchmark workloads (faas-profile and serverless-faas-workbench),Simulator (CloudSimSDN),N/A,Power consumption of servers (overall energy usage),per request / per server,Power consumption; energy consumption per request,Infrastructure,per request,SLA compliance,Energy-aware orchestration via dynamic container and server provisioning,Scheduling; autoscaling,Docker; Kubernetes,Performance (SLA compliance),balance,N/A,adaptive policy (dynamic container and server provisioning),technical,operation,N/A,dynamic container and server provisioning
Efficient Microservice Deployment in the Edge-Cloud Networks With Policy-Gradient Reinforcement Learning,10.1109/ACCESS.2024.3461149,Runtime,Runtime,Energy consumption is optimized during microservice placement and execution,"Edge devices (servers) running microservices; microservice resource usage (CPU, RAM) impacts energy consumption",device energy use and network communication costs,"Microservice dependencies increase communication overhead, affecting energy usage",Edge-device (hardware) level,model-based estimation,N/A,Simulated via an energy consumption model in EdgeSimPy,Simulator (EdgeSimPy),N/A,Energy consumption during application deployment (edge-device energy use),Per edge device (node),energy consumption,entire application / edge devices,N/A,"user-perceived performance (execution time, latency)",RL-based optimization microservice placement,scheduling / placement optimization,EdgeSimPy (Simulator),"Performance (execution time/latency), network usage, reliability",balance,moderate - improving energy affects other attributes by 2-16%,adaptive RL policy (BAMPP),technical - handling microservice dependencies and resource constraints,runtime,complex,RL-based optimized microservice placement (BAMPP)
Enabling efficient collection and usage of network performance metrics at the edge,10.1016/j.comnet.2025.111158,N/A,N/A,N/A,N/A,N/A,N/A,Service; container,Model-based estimation,Monitoring (Prometheus; Kepler),External Tool,Monitoring Platform (Kepler),N/A,Per-pod energy,Per pod,Energy consumption; idle power,Per instance,N/A,N/A,N/A,N/A,N/A,latency; availability; scalability; consistency,degrades,severe (etcd energy consumption increases up to 4x under high-frequency workloads),Tuning,Technical,Design,Complex - the paltform must ensure resilence and other SQAs without excessively compromising availability or becoming a bottleneck,Adjusting the maintenance periodicity and configuration of etc/Redis to prevent resource exhaustion and reduce energy overhead
Energy efficient scheduling of application components via brownout and approximate markov decision process,10.1007/978-3-319-69035-3_14,Deployment; Runtime,Explicitly at runtime,Runtime adaptation via brownout controller; energy-aware scheduling/VM consolidation,components/microservices - deactivation lowers VM utilization; virtual machines - consolidation/migration changes load; hosts/servers - lower CPU utilization and power,CPU (server CPU utilization - idle and dynamic power),Deactivating non essential services when system is overloaded,Hardware level (server power from CPU utilization),Model-based estimation,Trace-driven simulation (CloudSim),Simulation in CloudSim with PlanetLab workload traces; host power estimated via server power model,Simulator (CloudSim),N/A,Total energy consumption; discount amount; overload treshold; percentage of optional utilization,Per host/node; overall datacenter,total energy consumption (kWh); discount amount,Infrastructure/datacenter,N/A,Discount amount - user price discount / provider revenue loss,Brownout-based temporary deactivation; approximate Markov Decision Process-based scheduling,Scheduling,CloudSim,N/A,N/A,N/A,N/A,N/A,N/A,N/A,N/A
Energy Efficient Scheduling of Cloud Application Components with Brownout,10.1109/TSUSC.2017.2661339,Runtime,Runtime,Runtime dynamic deactivation of optional components,Application components / microservices (optional components whos deactivation reduces utliziation and energy),CPU,Connected components (deactivation cascades due to data-dependency),Server-level power model (based on host CPU utilization),model-based estimation,N/A,Benchmark workload (PlanetLab workload trace),Simulator (CloudSim),N/A,N/A,Per host / server,Power Consumption,Infrastructure,CPU utilization,Cost (discount offered to users),dynamic deactivation of optional components,scheduling,CloudSim,User experience,degrades,N/A,adaptive policy,N/A,N/A,N/A,N/A
Energy-Delay-Aware Joint Microservice Deployment and Request Routing with DVFS in Edge: A Reinforcement Learning Approach,10.1109/TC.2025.3535826,Deployment; Runtime,N/A,Runtime Adaption,microservice instances; edge servers,CPU operating frequency; processing load on edge servers,communication between microservice instances affects energy through propagation delays and routing decisions,Hardware,model-based estimation,N/A,N/A,N/A,N/A,N/A,N/A,basic energy consumption; processing energy consumption; total energy consumption,entire edge scenario,N/A,user-perceived delay,dynamic adaptation,service orchestration,N/A,Performance,balance,N/A,dynamic adaptation,N/A,N/A,N/A,N/A
Enriching Cloud-native Applications with Sustainability Features,10.1109/IC2E59103.2023.00011,Design; development; deployment; runtime,Design; development; deployment; runtime,Non-functional properties; sustainability metadata annotations; workflow adaptation rules; runtime sustainability monitoring,microservices,N/A,N/A,N/A,N/A,monitoring data from infrastructure provider,N/A,energy estimation tools; cloud provider dashboards,N/A,CO2 emissions estimations; energy consumption estimation,Cloud service level; cloud instance level,sustainability awareness score; microservice classification score; microservice enrichment score,Entire application,Coverage percentage,N/A,enriching application design with sustainability features,Workflow adaptation; sustainability-aware deployment,N/A,QoS; QoE; performance,Balances; may reduce quality when disabling optional components,N/A,Adaptive workflow; selecting optional or alternative microservice versions,"Technical - lack of standard models to represent sustainability context; Measurement - limited, untimely, or coarse-grained energy and CO2 data from providers; organizational - insufficient information sharing between application providers and infrastructure providers; tooling - existing tools lack detail and do not support fine-grained application-level sustainability features",Design; implementation; operation,Complex; systemic,Enriching application design with sustainability features; integrating sustainability metadata into implementation; providing sustainability feedback from monitoring systems
Exploring Sustainable Alternatives for the Deployment of Microservices Architectures in the Cloud,10.1109/ICSA59870.2024.00012,N/A,N/A,N/A,services; nodes; components; operations,CPU (server CPU utilization),N/A,Hardware (server CPU),Model-based estimation,N/A,"benchmark workload (Train Ticket Booking Service)
",N/A,N/A,N/A,N/A,Power consumption; response time; complexity; cost,entire system,N/A,cost; response time,refactoring,service consolidation,Docker; Amazon EC2; UML with MARTE profile; Layered Queueing Networks (LQN); NSGA-II,Performance; cost,degrades,"moderate - response time shows a medium PSP effect, indicating a significant performance degradation when optimizing for power",multi-objective optimization,N/A,N/A,N/A,N/A
Fifer: Tackling Resource Underutilization in the Serverless Era,10.1145/3423211.3425683,Runtime,Explicitly at runtime,Runtime monitoring and autoscaling; bin-packing; batching/queuing; container provisioning,N/A,N/A,N/A,Hardware level; cluster-wide,model-based estimation,sampling (10-second intervals),external tool (Intel Power Gadget),Energy meter,External tool,Energy consumed by all sockets in a node,host/machine-level,cluster-wide energy consumption; energy per request; container utilization,cluster-wide,time,cost (31% energy consumption savings); performance (latency/throughput),re-architecting (serverless-aware resource management),workload management; scheduling; autoscaling,Kubernetes; Brigade (serverless workflow); Docker; MongoDB; TensorFlow/Keras; Python daemon,SLOs (Service Level Objectives),balance; may degrade SLO,moderate; ~10-15% higher SLO against ~31% energy savings,"adaptive policy (stage-aware batching, LSTM-based proactive scaling, bin-packing)",technical; tooling,operation,moderate,tooling improvement
GAS: DVFS-Driven Energy Efficiency Approach for Latency-Guaranteed Edge Computing Microservices,10.1109/TGCN.2024.3420957,Deployment; Runtime,Runtime,Runtime monitoring,Microservice; CPU; DRAM; uncore,CPU; DRAM; uncore,N/A,Hardware; request,Intel RAPL-based measurement; profiling,Sampling,External tool (Intel RAPL via CPU Energy Meter); benchmark workloads (TACLe Benchmarks),Energy meter; benchmarking framework,Agent,Per-service energy,Per request,Energy consumption; execution time; energy loss per second,Single service,Per request; per second,SLA compliance (latency requirements),CPU frequency scaling,Scheduling; autoscaling,Docker,Performance,Balances,Moderate - energy savings come with a small increase in execution time (2-17%) while still meeting latency requirements,Adaptive policy,technical – chip-wide DVFS limits per-core control; measurement – RAPL reliability affects accuracy; technical – performance isolation is difficult due to resource contention,Operation; evaluation,Complex,Benchmarking; cache isolation
Green Computing Implementation for Indonesian Higher Education Adopting Serverless Microservices Architecture,10.1109/ICSCC62041.2024.10690844,N/A,N/A,Runtime monitoring,container; CPU; memory,CPU; memory; container instances,N/A,container,"tracking CPU, memory and container usage",operational logs; performance metrics,prototype testing via Cloud Run metrics,monitoring platform,N/A,trend analysis,per service,CPU usage; memory usage; container usage,single service,N/A,N/A,adopting serverless microservices architecture,dynamic scaling,GCP Cloud Run; GCP API Gateway,Latency; performance,degrades,moderate - occasional latency spikes during scaling events are reported,architectural optimization to reduce cold starts and manage resource allocation,N/A,N/A,N/A,N/A
GreenFog: A Framework for Sustainable Fog Computing,10.1007/978-3-031-20984-0_38,Runtime,Runtime,runtime QoS adjustment and autoscaling,"containers; pods; nodes; gateway 
","pod energy use; node energy use; task processing energy 
",N/A,hardware server power (ePDU); pod-level profiling; task-level energy estimation,direct power measurement (ePDU); profiling; model-based estimation (regression/IP model),monitoring via ePDU power metering; profiling,"external power metering (ePDU); profiling with controlled workloads 
",energy meter (ePDU),external hardware meter attached to servers,hardware power consumption analysis,per server; per pod; per task,power consumption; absolute energy difference between renewable supply and consumption,Infrastructure,N/A,SLA compliance via QoS (rate) adjustments,autoscaling and QoS adjustment,load shaping; autoscaling; scheduling,Kubernetes; Docker; K3s,performance/QoS,balances,"moderate — QoS reductions are applied to match renewable energy availability, affecting performance but kept within SLA limits",adaptive QoS adjustment and autoscaling,technical — renewable energy is intermittent making control difficult; measurement — accurate profiling and exact energy data are required for models,Operation,N/A,"adaptive optimization via IP, regression, and MAB models"
iBrownout: An Integrated Approach for Managing Energy and Brownout in Container-Based Clouds,10.1109/TSUSC.2018.2808493,Runtime,Runtime,Runtime monitoring and dynamic activation/deactivation of microservices,Containers; Microservices,CPU utilization,N/A,Hardware (Server/host level),Model-based estimation,Monitoring via system monitor collecting host resource and energy metrics,External tool (Grid’5000 power-measurement APIs),Energy meter (power-measurement APIs) ,External service (Grid’5000 power-measurement APIs),Host Energy Consumption,Per Node,"Energy consumption (kWh / power consumption)
",Infrastructure (hosts / data center),N/A,SLA compliance / response time,Brownout-based dynamic deactivation of optional containers/microservices,Scheduling,Docker; Docker Swam,Performance; QoS,Balances,N/A,Adaptive scheduling policies (brownout-based control),"technical; predicting future workload is difficult; timing of disabling microservices is hard; selecting which microservice to disable is complex; coordinating host power-state switching is challenging; designing effective brownout scheduling policies is non-trivial 
",Operation,N/A,Scheduling policies; brownout-based control
Improved QoS at the Edge Using Serverless Computing to Deploy Virtual Network Functions,10.1109/JIOT.2020.3011057,N/A,N/A,N/A,Containers; MEC nodes running VNFs,CPU on MEC nodes (powertop); FPGA on-chip power,Cold vs warm start containers - warm reduces energy; FPGA offload vs MEC CPU - FPGA lowers energy,Hardware level; OS/node level,Model-based estimation via Xilinx XPE for FPGA; Software profiling on MEC nodes using powertop and Turbostat,Powertop/Turbostat tool measurements on MEC nodes; Xilinx XPE model-based estimation from synthesis reports,External tools (powertop; Turbostat) on MEC nodes; model-based via Xilinx XPE; benchmark workload with JMeter-triggered HTTP invocations,Powertop; Turbostat; Xilinx XPE,External tool,Per node energy consumption; frequency-scaling trend (FPGA power vs clock); warm vs cold container energy comparison,Per VNF; per mEC node; per FPGA device,Energy consumption; power consumption (FPGA on-chip-power),"Single VNF (encrpytion function); node/device level (MEC node, FPGA device)",N/A,Improved QoS; reduced operational costs,VNF offloading to FPGA-enabled MEC nodes; serverless on-demand deployment via Kubernetes (warm containers); decomposing VNFs into microservices,Hardware offloading; scheduling/placement; autoscaling,Kubernetes; Docker; Flannel; OpenNebula; NetFPGA-10G; Xilinx; OpenFlow,Performance; resource utilization,Improves performance and energy via FPGA/serverless orchestration; balances cost and resource utilization,Moderate; 15.8% energy improvement,Dynamic scheduling; hardware acceleration (FPGA offload); serverless warm container reuse,technical; measurement,Implementation; operation,complex,"Benchmarking; tooling improvements (FPGA modeling, serverless orchestration)"
"Is it Worth Migrating a Monolith to Microservices? An Experience Report on Performance, Availability and Energy Usage",10.1109/ICWS62655.2024.00112,Runtime,N/A,Runtime monitoring,services; API gateway; load balancer,CPU; memory,N/A,Hardware,Physical power meter,Monitoring (physical power meter),External physical power meter,Energy meter,external device,N/A,Per node,Energy usage; power consumption,Entire application (server-level),N/A,N/A,Migration,Horizontal scaling; replication,Docker; Docker-Compose; HAProxy,Performance; availability,Reverses (lower energy vs higher performance),"Moderate - the monolith consumes less energy at low replica counts, but the MSA achieves higher performance and availaibilty, with the energy efficiency improving only at higher replica levels",Replication strategy; horizontal scaling,N/A,N/A,N/A,N/A
Joint optimization of service request routing and instance placement in the microservice system,10.1016/j.jnca.2019.102441,N/A,N/A,N/A,Server node; microservice instane; container,CPU utilization; static idle power; maximum power rate,Inter-process communication across multiple instances increases request processing time and affects energy usage,Server; Data-center,model-based estimation,N/A,N/A,Simulator,N/A,N/A,per node,Power rate,Infrastructure,optimal server time,server time; QoS,Resource allocation optimization,request routing and instance placement,Docker,Performance; QoS,balance,"severe - reducing service time requires allocating more resources, directly increasing energy consumption",multi-objective optimization,technical,design,N/A,N/A
Kraken: Adaptive Container Provisioning for Deploying Dynamic DAGs in Serverless Platforms,10.1145/3472883.3486992,Runtime,Runtime,Runtime monitoring,Container,computation; memory usage of containers,commonality and connectivity,Hardware,Direct power measurement (Intel Power Gadget),N/A,external tool (Intel Power Gadget),Energy meter,N/A,N/A,Per node,Energy consumption rate,Cluster-wide,Per unit time,SLO compliance,Workflow-aware resource management,Scheduling,OpenFaaS,Latency (performance),Balances,Minor - Kraken maintains SLO compliance while reducing containers,Adaptive scheduling,N/A,N/A,N/A,N/A
Model-Driven Dependability and Power Consumption Quantification of Kubernetes-Based Cloud-Fog Continuum,10.1109/ACCESS.2023.3340195,N/A,N/A,N/A,Control Plane; Storage; Worker Nodes; Pods/containers — their operation and redundancy directly increase overall energy consumption.,CPU; Memory; Disk; Network Interfaces; Power Supply; Kubernetes processes; Pod instantiation,"Redundancy and component interdependencies increase energy use; failures in underlying components trigger restarts and Pod reallocations, raising energy consumption",Hardware; container/Pod level,Model-based estimation,N/A,Code Instrumentation - measurement parameters added to the model so energy can be computed analytically,N/A,N/A,N/A,N/A,Electrical Power (P); Energy (E),Infrastructure,Time,N/A,Model-driven redundancy planning and sensitivity-analysis-based configuration optimization,Redundancy planning and configuration optimization,Kubernetes,Reliability; availability,Balances,N/A,Configuration optimization,Technical — difficulty in accurately evaluating dependability and energy impacts in complex cloud-fog microservice infrastructures.,Planning,"Complex
","Model-based analysis and configuration optimization
"
Online Power Consumption Estimation for Functions in Cloud Applications,10.1109/ICAC.2019.00018,N/A,Runtime,Runtime monitoring,Function; microservice; container,CPU; memory; disk I/O,N/A,Hardware; function level; application level,Direct power measurement; model-based estimation,Sampling; stack tracing; monitoring framework,External tool; benchmark workload; non-intrusive monitoring,monitoring platform; energy meter,external service,Per function energy,per function,power consumption; energy consumption,function level; application level,per request,N/A,N/A,workload placement; code optimization,Docker,Performance,Degrades,N/A,N/A,Technical - performance counters can be inaccurate or misleading; measurement - overhead from monitoring affects results; technical - limited access to performance counters in virtualized or serverless environments,operation,N/A,Selecting appropriate performance counters; removing idle-state events from samples; introducing correction mechanisms
PISCO: A smart simulator to deploy energy saving methods in microservices based networks,10.1109/IE54923.2022.9826775,Runtime,Runtime,Runtime monitoring; scheduling algorithms for energy-aware (re)deployment,Microservices,CPU; Network traffic; hard disk,"Microservice communication paths affect network load and energy use (e.g., saturated links, multi-hop communication).",Hardware,Model-based estimation (energy formulas per hardware component),Monitoring via device supervisors,Simulator-based measurement,Simulator (PISCO),Supervisor running on each device,Energy consumption per device; scenario-wide energy analysis; QoS-energy evaluation,Per device; whole-scenario level,Power consumption; energy consumption (kWh),Per device; entire scenario,N/A,QoS (performance/response level),Dynamic microservice (re)deployment and migration,Scheduling,PISCO; Kaligreen; Kalimucho,QoS; performance,Inverse relationship (higher QoS - higher energy consumption),N/A,Adaptive scheduling algorithms  (centralized or decentralized),Technical - heterogeneous hardware complicates accurate energy handling; Technical - naive scheduling causes oscillations and inefficiency; Measurement - defining correct energy formulas and QoS heuristics is difficult,N/A,N/A,N/A
RADIANCE: A CASE Tool For Green Software Design,10.1109/WETICE64632.2024.00024,analysis & design; development; deployment; maintenance,Analysis & Design,"energy-consuming pattern assessment; design advice 
",N/A,CPU; RAM,N/A,N/A,Model-based estimation,Agent simulation dataset,Behavioral load simulator,Simulator,N/A,"energy rating; energy-consuming pattern analysis 
",Per function; per model; per component,energy rating,Per function; per model; per component,N/A,N/A,Design change recommendation,N/A,N/A,N/A,N/A,N/A,N/A,lack of tools for early-stage design; technical; overhead of applying energy-saving practices; organizational; limited knowledge among students and developers; technical,analysis & design; development,Complex,RADIANCE tool; training; energy pattern reporting
SatEdge: Platform of Edge Cloud at Satellite and Scheduling Mechanism for Microservice Modules,10.1109/ACCESS.2023.3330649,N/A,N/A,N/A,microservice modules; satellite nodes; inter-satellite links,CPU cycles; transmission between ground and satellites; inter-satellite transmission,"Inter-satellite communication and workflow scheduling affect energy use, as transmission and propagation between satellites add to total energy consumption.","satellite-node computation and transmission (hardware-level) 
",Model-based estimation,N/A,N/A,N/A,N/A,N/A,N/A,Total energy consumption,"service workflow across satellites 
",N/A,task success rate and end-to-end delay,optimal microservice scheduling,Scheduling,KubeEdge,delay; task success rate,improves,moderate - OMS-AM reduces task processing latency by 14% compared to OMS-A,Adaptive scheduling (OMS-AM),Technical - satellite mobility causes dynamic topology changes that complicate efficient microservice scheduling,operation,complex,adaptive microservice scheduling (OMS-AM)
Service Level Objective Adaptive Energy Efficiency Management,10.1109/ICPADS56603.2022.00082,Runtime,Runtime,runtime power management / closed-loop control using service quality metrics (SLO-based adaptive core frequency scaling),Processor cores,"CPU (processor core frequency / dynamic power) 
",N/A,Hardware (CPU power measurements),direct power measurement (CPU power in watts),runtime monitoring via periodic SLI metric collection (service mesh telemetry),benchmark workload (microservices-framework-benchmark + WRK),benchmark / workload generator (WRK; microservices-framework-benchmark),agent (PM-Agent running on worker node),"energy saving analysis (correlating core frequency, latency, throughput, and power)","per core / per node 
","power consumption; energy saving ratio 
","infrastructure (node / core level) 
",N/A,"SLO compliance / service quality goals 
","adaptive runtime power management (SLO-based core frequency scaling) 
",workload power management (adaptive core frequency control),service mesh (Istio); Kubernetes; Intel Xeon Per-Core P-States,"performance (tail latency, throughput) 
",balances (energy reduction without compromising service quality),"minor — energy savings were achieved “without compromising service quality goals,” indicating minimal impact on performance metrics such as tail latency and throughput 
","adaptive policy (SLO-adaptive core frequency control) 
",technical; power control and service quality exist in separate layers; fixed peak-frequency provisioning wastes energy; autoscaling is slow and not energy-aware,Operation,Complex,"SLO-adaptive energy management (integrating service metrics with power control via SLO-AEEM) 
"
SIMR: Single Instruction Multiple Request Processing for Energy-Efficient Data Center Microservices,10.1109/MICRO56248.2022.00040,N/A,N/A,N/A,"services; APIs; memory allocations; caches
","CPU frontend; OoO pipeline; execution units; memory system (L1/L3 caches, DRAM); branch prediction; network/storage I/O
","batching similar requests reduces control-flow divergence and memory divergence, improving energy efficiency",hardware; CPU core; pipeline stage; memory system; request-level (via SIMT traces),"model-based estimation (McPAT, GPUWattch)",tracing (PIN-based); dynamic instrumentation,"PIN-based dynamic instrumentation; trace-driven simulation (Accel-Sim, BookSim); energy modeling with McPAT/GPUWattch; system-level simulation with uQSIM",simulator,userspace dynamic instrumentation; offline trace-driven simulation,per-request energy; chip-level energy; end-to-end latency/throughput analysis,per-request; chip-level; pipeline-stage; memory-access,Requests; Joules,"entire application
",Per request,SLA Compliance,batching requests; memory coalescing; batch splitting; SIMR-aware software stack; specialized RPU hardware,workload batching,RPU hardware platform,"service latency; throughput; QoS
",Balances,"moderate — energy efficiency improves significantly, but service latency still increases by 1.44× on average.",batch splitting,"technical: GPUs lack system-call support and have high latency, limiting applicability; technical: requires SIMR-aware batching, memory mapping, and driver changes; tooling: existing tools (e.g., PIN) cannot trace system calls; programmability: GPUs and SIMD approaches require specialized languages or recompilation, reducing developer productivity",Implementation,Complex,SIMR-aware software stack
"Studying the end-to-end performance, energy consumption and carbon footprint of fog applications",10.1109/ISCC61673.2024.10733735,N/A,N/A,N/A,"computing nodes; network interfaces; core routers; microservice services 
","CPU load; network communication; Wi-Fi interface activity; Ethernet interface utilization; core router data transfer 
","service-to-service communication patterns; number of service replicas; data transfer sizes; network hops 
","computing nodes; network interfaces; core routers 
","model-based estimation; energy models for servers; energy models for wired and Wi-Fi interfaces; proportional router energy model 
",N/A,simulation using validated energy models; benchmark-based microservice traces (DeathStarBench),Simulator (Simgrid),N/A,energy of computing nodes; energy of network interfaces; energy of core routers; end-to-end energy consumption,per node; per network interface; per core router,energy consumption; GHG emissions; PUE,entire application; infrastructure,N/A,user-perceived latency,service placement strategies; autoscaling; improving PUE,workload management; autoscaling; service placement,n/a,performance; latency; GHG emissions,degrades,"significant — fog nodes require many more service replicas, increasing energy use, and network distance strongly impacts latency and emissions",service placement decisions; autoscaling policies,N/A,N/A,N/A,N/A
"TeaStore: A Micro-Service Reference Application for Benchmarking, Modeling and Resource Management Research",10.1109/MASCOTS.2018.00030,Design; deployment; runtime,Design; deployment; runtime,deployment optimization; run-time analysis/management,services,Power consumption of physical servers,"deployment order and service placement decisions
",Hardware (Physical server),Direct Power Measurement,sampling (1-second intervals),Benchmark workloads (TeaStore experiments),Energy Meter,N/A,N/A,Per Physical server,Energy efficiency; estimated capacity; maximum power consumption,entire application / multi-server deployment,Power consumption,N/A,Service placement optimization,Service placement; deployment optimization,Docker,Performance,Trade-off,"moderate — different deployments show notable variations in both power consumption and performance, indicating a meaningful performance–efficiency trade-off.",N/A,technical; deployment order decisions are complex and affect power/performance; measurement; power behavior varies across deployments making accurate prediction difficult,Deployment; operation,Complex,N/A
Towards Digital Sustainability: Involving Cloud Users as Key Players,10.1109/IC2E61754.2024.00021,N/A,Runtime,Runtime adaptation algorithm,service,CPU,N/A,Request,Software probe,Monitoring probe,Benchmarking with external tool,Monitoring probe,N/A,Per request energy,Per request,energy consumption; power consumption; CO2 emissions,application,per request; per scenario,quality of experience,dynamic adaptation algorithm,workload management,Kubernetes,Output quality,degrates; balances,severe - large energy reductions (up to 84%) require notable quality degradation,adaptive algorithm,technical — QoE evaluation is difficult and application-dependent; measurement — calibration requires time and energy and is hard to scale; technical — attributing online energy measurements to configurations is challenging; technical — energy measurement is not possible on public clouds due to virtualization limits,design; implementation; operation,Complex,test protocols; online learning
Towards Greener Applications: Enabling Sustainable-aware Cloud Native Applications Design,10.1007/978-3-031-07472-1_6,Deployment; Runtime,Runtime,Runtime monitoring,"microservices/containers (their CPU utilization determines host/server energy consumption)
",CPU,N/A,Hardware (Server/host level),Power Measurement APIs,monitoring framework (Grid’5000 power measurement APIs),External tool,Energy Meter,External service,Host Energy Consumption,Per node,Power Consumption,Infrastructure,N/A,SLA compliance,"deactivating optional microservices
",Scheduling; autoscaling,Docker; Docker Swarm,Performance (response time),Balances,"moderate — energy savings are substantial but come with noticeable increases in response time under certain policies
","adaptive policy
","technical — requires accurate power models and real-time monitoring; measurement — depends on external energy measurement APIs and infrastructure
",Operation,Complex,Monitoring improvements
X-MAN: A Non-Intrusive Power Manager for Energy-Adaptive Cloud-Native Network Functions,10.1109/TNSM.2021.3126822,Runtime,N/A,Runtime monitoring; adaptive power management,Containerized network functions (CNFs) on CPU cores,CPU (core processing),Low-latency packet-chained microservices increase inter-component communication,Hardware (CPU power via RAPL),direct power measurement (Turbostat hardware-level power reporting),periodic sampling via eBPF map monitoring and Turbostat,external tool (Turbostat); kernal-level eBPF/XDP monitoring,Energy meter (Turbostat),External tool,Per-CPU power analysis,Per-CPU (per CPU package and per CPU core),Power Consumption,Infrastructure,link utilization - the power metric compared across different network traffic load levels,user-perceived latency,adaptive power management,workload management,Docker,Latency,balance,minor - paper only introduces minuscule to minor latency increases,adaptive policy,technical - accurately estimating per-CNF workload for power management,implementation; operation,complex,kernal-space monitoring and adaptive power management
40,,,,,,,,,,,,,,,,,,,,,,,,,,,,,,
,,,,,,,,,,,,,,,,,,,,,,,,,,,,,,
,,,,,,,,,,,,,,,,,,,,,,,,,,,,,,
,,,,,,,,,,,,,,,,,,,,,,,,,,,,,,
,,,,,,,,,,,,,,,,,,,,,,,,,,,,,,
,,,,,,,,,,,,,,,,,,,,,,,,,,,,,,
,,,,,,,,,,,,,,,,,,,,,,,,,,,,,,
,,,,,,,,,,,,,,,,,,,,,,,,,,,,,,
,,,,,,,,,,,,,,,,,,,,,,,,,,,,,,
,,,,,,,,,,,,,,,,,,,,,,,,,,,,,,
,,,,,,,,,,,,,,,,,,,,,,,,,,,,,,
,,,,,,,,,,,,,,,,,,,,,,,,,,,,,,
,,,,,,,,,,,,,,,,,,,,,,,,,,,,,,
,,,,,,,,,,,,,,,,,,,,,,,,,,,,,,
,,,,,,,,,,,,,,,,,,,,,,,,,,,,,,
,,,,,,,,,,,,,,,,,,,,,,,,,,,,,,
,,,,,,,,,,,,,,,,,,,,,,,,,,,,,,
,,,,,,,,,,,,,,,,,,,,,,,,,,,,,,
,,,,,,,,,,,,,,,,,,,,,,,,,,,,,,
,,,,,,,,,,,,,,,,,,,,,,,,,,,,,,
,,,,,,,,,,,,,,,,,,,,,,,,,,,,,,
,,,,,,,,,,,,,,,,,,,,,,,,,,,,,,
,,,,,,,,,,,,,,,,,,,,,,,,,,,,,,
,,,,,,,,,,,,,,,,,,,,,,,,,,,,,,
,,,,,,,,,,,,,,,,,,,,,,,,,,,,,,
,,,,,,,,,,,,,,,,,,,,,,,,,,,,,,
,,,,,,,,,,,,,,,,,,,,,,,,,,,,,,
,,,,,,,,,,,,,,,,,,,,,,,,,,,,,,
,,,,,,,,,,,,,,,,,,,,,,,,,,,,,,
,,,,,,,,,,,,,,,,,,,,,,,,,,,,,,
,,,,,,,,,,,,,,,,,,,,,,,,,,,,,,
,,,,,,,,,,,,,,,,,,,,,,,,,,,,,,
,,,,,,,,,,,,,,,,,,,,,,,,,,,,,,
,,,,,,,,,,,,,,,,,,,,,,,,,,,,,,
,,,,,,,,,,,,,,,,,,,,,,,,,,,,,,
,,,,,,,,,,,,,,,,,,,,,,,,,,,,,,
,,,,,,,,,,,,,,,,,,,,,,,,,,,,,,
,,,,,,,,,,,,,,,,,,,,,,,,,,,,,,
,,,,,,,,,,,,,,,,,,,,,,,,,,,,,,
,,,,,,,,,,,,,,,,,,,,,,,,,,,,,,
,,,,,,,,,,,,,,,,,,,,,,,,,,,,,,
,,,,,,,,,,,,,,,,,,,,,,,,,,,,,,
,,,,,,,,,,,,,,,,,,,,,,,,,,,,,,
,,,,,,,,,,,,,,,,,,,,,,,,,,,,,,
,,,,,,,,,,,,,,,,,,,,,,,,,,,,,,
,,,,,,,,,,,,,,,,,,,,,,,,,,,,,,
,,,,,,,,,,,,,,,,,,,,,,,,,,,,,,
,,,,,,,,,,,,,,,,,,,,,,,,,,,,,,
,,,,,,,,,,,,,,,,,,,,,,,,,,,,,,
,,,,,,,,,,,,,,,,,,,,,,,,,,,,,,
,,,,,,,,,,,,,,,,,,,,,,,,,,,,,,
,,,,,,,,,,,,,,,,,,,,,,,,,,,,,,
,,,,,,,,,,,,,,,,,,,,,,,,,,,,,,
,,,,,,,,,,,,,,,,,,,,,,,,,,,,,,
,,,,,,,,,,,,,,,,,,,,,,,,,,,,,,
,,,,,,,,,,,,,,,,,,,,,,,,,,,,,,
,,,,,,,,,,,,,,,,,,,,,,,,,,,,,,
,,,,,,,,,,,,,,,,,,,,,,,,,,,,,,
,,,,,,,,,,,,,,,,,,,,,,,,,,,,,,
,,,,,,,,,,,,,,,,,,,,,,,,,,,,,,
,,,,,,,,,,,,,,,,,,,,,,,,,,,,,,
,,,,,,,,,,,,,,,,,,,,,,,,,,,,,,
,,,,,,,,,,,,,,,,,,,,,,,,,,,,,,
,,,,,,,,,,,,,,,,,,,,,,,,,,,,,,
,,,,,,,,,,,,,,,,,,,,,,,,,,,,,,
,,,,,,,,,,,,,,,,,,,,,,,,,,,,,,
,,,,,,,,,,,,,,,,,,,,,,,,,,,,,,
,,,,,,,,,,,,,,,,,,,,,,,,,,,,,,
,,,,,,,,,,,,,,,,,,,,,,,,,,,,,,
,,,,,,,,,,,,,,,,,,,,,,,,,,,,,,
,,,,,,,,,,,,,,,,,,,,,,,,,,,,,,
,,,,,,,,,,,,,,,,,,,,,,,,,,,,,,
,,,,,,,,,,,,,,,,,,,,,,,,,,,,,,
,,,,,,,,,,,,,,,,,,,,,,,,,,,,,,
,,,,,,,,,,,,,,,,,,,,,,,,,,,,,,
,,,,,,,,,,,,,,,,,,,,,,,,,,,,,,
,,,,,,,,,,,,,,,,,,,,,,,,,,,,,,
,,,,,,,,,,,,,,,,,,,,,,,,,,,,,,
,,,,,,,,,,,,,,,,,,,,,,,,,,,,,,
,,,,,,,,,,,,,,,,,,,,,,,,,,,,,,
,,,,,,,,,,,,,,,,,,,,,,,,,,,,,,
,,,,,,,,,,,,,,,,,,,,,,,,,,,,,,
,,,,,,,,,,,,,,,,,,,,,,,,,,,,,,
,,,,,,,,,,,,,,,,,,,,,,,,,,,,,,
,,,,,,,,,,,,,,,,,,,,,,,,,,,,,,
,,,,,,,,,,,,,,,,,,,,,,,,,,,,,,
,,,,,,,,,,,,,,,,,,,,,,,,,,,,,,
,,,,,,,,,,,,,,,,,,,,,,,,,,,,,,
,,,,,,,,,,,,,,,,,,,,,,,,,,,,,,
,,,,,,,,,,,,,,,,,,,,,,,,,,,,,,
,,,,,,,,,,,,,,,,,,,,,,,,,,,,,,
,,,,,,,,,,,,,,,,,,,,,,,,,,,,,,
,,,,,,,,,,,,,,,,,,,,,,,,,,,,,,
,,,,,,,,,,,,,,,,,,,,,,,,,,,,,,
,,,,,,,,,,,,,,,,,,,,,,,,,,,,,,
,,,,,,,,,,,,,,,,,,,,,,,,,,,,,,
,,,,,,,,,,,,,,,,,,,,,,,,,,,,,,
,,,,,,,,,,,,,,,,,,,,,,,,,,,,,,
,,,,,,,,,,,,,,,,,,,,,,,,,,,,,,
,,,,,,,,,,,,,,,,,,,,,,,,,,,,,,
,,,,,,,,,,,,,,,,,,,,,,,,,,,,,,
,,,,,,,,,,,,,,,,,,,,,,,,,,,,,,
,,,,,,,,,,,,,,,,,,,,,,,,,,,,,,
,,,,,,,,,,,,,,,,,,,,,,,,,,,,,,
,,,,,,,,,,,,,,,,,,,,,,,,,,,,,,
,,,,,,,,,,,,,,,,,,,,,,,,,,,,,,
,,,,,,,,,,,,,,,,,,,,,,,,,,,,,,
,,,,,,,,,,,,,,,,,,,,,,,,,,,,,,
,,,,,,,,,,,,,,,,,,,,,,,,,,,,,,
,,,,,,,,,,,,,,,,,,,,,,,,,,,,,,
,,,,,,,,,,,,,,,,,,,,,,,,,,,,,,
,,,,,,,,,,,,,,,,,,,,,,,,,,,,,,
,,,,,,,,,,,,,,,,,,,,,,,,,,,,,,
,,,,,,,,,,,,,,,,,,,,,,,,,,,,,,
,,,,,,,,,,,,,,,,,,,,,,,,,,,,,,
,,,,,,,,,,,,,,,,,,,,,,,,,,,,,,
,,,,,,,,,,,,,,,,,,,,,,,,,,,,,,
,,,,,,,,,,,,,,,,,,,,,,,,,,,,,,
,,,,,,,,,,,,,,,,,,,,,,,,,,,,,,
,,,,,,,,,,,,,,,,,,,,,,,,,,,,,,
,,,,,,,,,,,,,,,,,,,,,,,,,,,,,,
,,,,,,,,,,,,,,,,,,,,,,,,,,,,,,
,,,,,,,,,,,,,,,,,,,,,,,,,,,,,,
,,,,,,,,,,,,,,,,,,,,,,,,,,,,,,
,,,,,,,,,,,,,,,,,,,,,,,,,,,,,,
,,,,,,,,,,,,,,,,,,,,,,,,,,,,,,
,,,,,,,,,,,,,,,,,,,,,,,,,,,,,,
,,,,,,,,,,,,,,,,,,,,,,,,,,,,,,
,,,,,,,,,,,,,,,,,,,,,,,,,,,,,,
,,,,,,,,,,,,,,,,,,,,,,,,,,,,,,
,,,,,,,,,,,,,,,,,,,,,,,,,,,,,,
,,,,,,,,,,,,,,,,,,,,,,,,,,,,,,
,,,,,,,,,,,,,,,,,,,,,,,,,,,,,,
,,,,,,,,,,,,,,,,,,,,,,,,,,,,,,
,,,,,,,,,,,,,,,,,,,,,,,,,,,,,,
,,,,,,,,,,,,,,,,,,,,,,,,,,,,,,
,,,,,,,,,,,,,,,,,,,,,,,,,,,,,,
,,,,,,,,,,,,,,,,,,,,,,,,,,,,,,
,,,,,,,,,,,,,,,,,,,,,,,,,,,,,,
,,,,,,,,,,,,,,,,,,,,,,,,,,,,,,
,,,,,,,,,,,,,,,,,,,,,,,,,,,,,,
,,,,,,,,,,,,,,,,,,,,,,,,,,,,,,
,,,,,,,,,,,,,,,,,,,,,,,,,,,,,,
,,,,,,,,,,,,,,,,,,,,,,,,,,,,,,
,,,,,,,,,,,,,,,,,,,,,,,,,,,,,,
,,,,,,,,,,,,,,,,,,,,,,,,,,,,,,
,,,,,,,,,,,,,,,,,,,,,,,,,,,,,,
,,,,,,,,,,,,,,,,,,,,,,,,,,,,,,
,,,,,,,,,,,,,,,,,,,,,,,,,,,,,,
,,,,,,,,,,,,,,,,,,,,,,,,,,,,,,
,,,,,,,,,,,,,,,,,,,,,,,,,,,,,,
,,,,,,,,,,,,,,,,,,,,,,,,,,,,,,
,,,,,,,,,,,,,,,,,,,,,,,,,,,,,,
,,,,,,,,,,,,,,,,,,,,,,,,,,,,,,
,,,,,,,,,,,,,,,,,,,,,,,,,,,,,,
,,,,,,,,,,,,,,,,,,,,,,,,,,,,,,
,,,,,,,,,,,,,,,,,,,,,,,,,,,,,,
,,,,,,,,,,,,,,,,,,,,,,,,,,,,,,
,,,,,,,,,,,,,,,,,,,,,,,,,,,,,,
,,,,,,,,,,,,,,,,,,,,,,,,,,,,,,
,,,,,,,,,,,,,,,,,,,,,,,,,,,,,,
,,,,,,,,,,,,,,,,,,,,,,,,,,,,,,
,,,,,,,,,,,,,,,,,,,,,,,,,,,,,,
,,,,,,,,,,,,,,,,,,,,,,,,,,,,,,
,,,,,,,,,,,,,,,,,,,,,,,,,,,,,,
,,,,,,,,,,,,,,,,,,,,,,,,,,,,,,
,,,,,,,,,,,,,,,,,,,,,,,,,,,,,,
,,,,,,,,,,,,,,,,,,,,,,,,,,,,,,
,,,,,,,,,,,,,,,,,,,,,,,,,,,,,,
,,,,,,,,,,,,,,,,,,,,,,,,,,,,,,
,,,,,,,,,,,,,,,,,,,,,,,,,,,,,,
,,,,,,,,,,,,,,,,,,,,,,,,,,,,,,
,,,,,,,,,,,,,,,,,,,,,,,,,,,,,,
,,,,,,,,,,,,,,,,,,,,,,,,,,,,,,
,,,,,,,,,,,,,,,,,,,,,,,,,,,,,,
,,,,,,,,,,,,,,,,,,,,,,,,,,,,,,
,,,,,,,,,,,,,,,,,,,,,,,,,,,,,,
,,,,,,,,,,,,,,,,,,,,,,,,,,,,,,
,,,,,,,,,,,,,,,,,,,,,,,,,,,,,,
,,,,,,,,,,,,,,,,,,,,,,,,,,,,,,
,,,,,,,,,,,,,,,,,,,,,,,,,,,,,,
,,,,,,,,,,,,,,,,,,,,,,,,,,,,,,
,,,,,,,,,,,,,,,,,,,,,,,,,,,,,,
,,,,,,,,,,,,,,,,,,,,,,,,,,,,,,
,,,,,,,,,,,,,,,,,,,,,,,,,,,,,,
,,,,,,,,,,,,,,,,,,,,,,,,,,,,,,
,,,,,,,,,,,,,,,,,,,,,,,,,,,,,,
,,,,,,,,,,,,,,,,,,,,,,,,,,,,,,
,,,,,,,,,,,,,,,,,,,,,,,,,,,,,,
,,,,,,,,,,,,,,,,,,,,,,,,,,,,,,
,,,,,,,,,,,,,,,,,,,,,,,,,,,,,,
,,,,,,,,,,,,,,,,,,,,,,,,,,,,,,
,,,,,,,,,,,,,,,,,,,,,,,,,,,,,,
,,,,,,,,,,,,,,,,,,,,,,,,,,,,,,
,,,,,,,,,,,,,,,,,,,,,,,,,,,,,,
,,,,,,,,,,,,,,,,,,,,,,,,,,,,,,
,,,,,,,,,,,,,,,,,,,,,,,,,,,,,,
,,,,,,,,,,,,,,,,,,,,,,,,,,,,,,
,,,,,,,,,,,,,,,,,,,,,,,,,,,,,,
,,,,,,,,,,,,,,,,,,,,,,,,,,,,,,
,,,,,,,,,,,,,,,,,,,,,,,,,,,,,,
,,,,,,,,,,,,,,,,,,,,,,,,,,,,,,
,,,,,,,,,,,,,,,,,,,,,,,,,,,,,,
,,,,,,,,,,,,,,,,,,,,,,,,,,,,,,
,,,,,,,,,,,,,,,,,,,,,,,,,,,,,,
,,,,,,,,,,,,,,,,,,,,,,,,,,,,,,
,,,,,,,,,,,,,,,,,,,,,,,,,,,,,,
,,,,,,,,,,,,,,,,,,,,,,,,,,,,,,
,,,,,,,,,,,,,,,,,,,,,,,,,,,,,,
,,,,,,,,,,,,,,,,,,,,,,,,,,,,,,
,,,,,,,,,,,,,,,,,,,,,,,,,,,,,,
,,,,,,,,,,,,,,,,,,,,,,,,,,,,,,
,,,,,,,,,,,,,,,,,,,,,,,,,,,,,,
,,,,,,,,,,,,,,,,,,,,,,,,,,,,,,
,,,,,,,,,,,,,,,,,,,,,,,,,,,,,,
,,,,,,,,,,,,,,,,,,,,,,,,,,,,,,
,,,,,,,,,,,,,,,,,,,,,,,,,,,,,,
,,,,,,,,,,,,,,,,,,,,,,,,,,,,,,
,,,,,,,,,,,,,,,,,,,,,,,,,,,,,,
,,,,,,,,,,,,,,,,,,,,,,,,,,,,,,
,,,,,,,,,,,,,,,,,,,,,,,,,,,,,,
,,,,,,,,,,,,,,,,,,,,,,,,,,,,,,
,,,,,,,,,,,,,,,,,,,,,,,,,,,,,,
,,,,,,,,,,,,,,,,,,,,,,,,,,,,,,
,,,,,,,,,,,,,,,,,,,,,,,,,,,,,,
,,,,,,,,,,,,,,,,,,,,,,,,,,,,,,
,,,,,,,,,,,,,,,,,,,,,,,,,,,,,,
,,,,,,,,,,,,,,,,,,,,,,,,,,,,,,
,,,,,,,,,,,,,,,,,,,,,,,,,,,,,,
,,,,,,,,,,,,,,,,,,,,,,,,,,,,,,
,,,,,,,,,,,,,,,,,,,,,,,,,,,,,,
,,,,,,,,,,,,,,,,,,,,,,,,,,,,,,
,,,,,,,,,,,,,,,,,,,,,,,,,,,,,,
,,,,,,,,,,,,,,,,,,,,,,,,,,,,,,
,,,,,,,,,,,,,,,,,,,,,,,,,,,,,,
,,,,,,,,,,,,,,,,,,,,,,,,,,,,,,
,,,,,,,,,,,,,,,,,,,,,,,,,,,,,,
,,,,,,,,,,,,,,,,,,,,,,,,,,,,,,
,,,,,,,,,,,,,,,,,,,,,,,,,,,,,,
,,,,,,,,,,,,,,,,,,,,,,,,,,,,,,
,,,,,,,,,,,,,,,,,,,,,,,,,,,,,,
,,,,,,,,,,,,,,,,,,,,,,,,,,,,,,
,,,,,,,,,,,,,,,,,,,,,,,,,,,,,,
,,,,,,,,,,,,,,,,,,,,,,,,,,,,,,
,,,,,,,,,,,,,,,,,,,,,,,,,,,,,,
,,,,,,,,,,,,,,,,,,,,,,,,,,,,,,
,,,,,,,,,,,,,,,,,,,,,,,,,,,,,,
,,,,,,,,,,,,,,,,,,,,,,,,,,,,,,
,,,,,,,,,,,,,,,,,,,,,,,,,,,,,,
,,,,,,,,,,,,,,,,,,,,,,,,,,,,,,
,,,,,,,,,,,,,,,,,,,,,,,,,,,,,,
,,,,,,,,,,,,,,,,,,,,,,,,,,,,,,
,,,,,,,,,,,,,,,,,,,,,,,,,,,,,,
,,,,,,,,,,,,,,,,,,,,,,,,,,,,,,
,,,,,,,,,,,,,,,,,,,,,,,,,,,,,,
,,,,,,,,,,,,,,,,,,,,,,,,,,,,,,
,,,,,,,,,,,,,,,,,,,,,,,,,,,,,,
,,,,,,,,,,,,,,,,,,,,,,,,,,,,,,
,,,,,,,,,,,,,,,,,,,,,,,,,,,,,,
,,,,,,,,,,,,,,,,,,,,,,,,,,,,,,
,,,,,,,,,,,,,,,,,,,,,,,,,,,,,,
,,,,,,,,,,,,,,,,,,,,,,,,,,,,,,
,,,,,,,,,,,,,,,,,,,,,,,,,,,,,,
,,,,,,,,,,,,,,,,,,,,,,,,,,,,,,
,,,,,,,,,,,,,,,,,,,,,,,,,,,,,,
,,,,,,,,,,,,,,,,,,,,,,,,,,,,,,
,,,,,,,,,,,,,,,,,,,,,,,,,,,,,,
,,,,,,,,,,,,,,,,,,,,,,,,,,,,,,
,,,,,,,,,,,,,,,,,,,,,,,,,,,,,,
,,,,,,,,,,,,,,,,,,,,,,,,,,,,,,
,,,,,,,,,,,,,,,,,,,,,,,,,,,,,,
,,,,,,,,,,,,,,,,,,,,,,,,,,,,,,
,,,,,,,,,,,,,,,,,,,,,,,,,,,,,,
,,,,,,,,,,,,,,,,,,,,,,,,,,,,,,
,,,,,,,,,,,,,,,,,,,,,,,,,,,,,,
,,,,,,,,,,,,,,,,,,,,,,,,,,,,,,
,,,,,,,,,,,,,,,,,,,,,,,,,,,,,,
,,,,,,,,,,,,,,,,,,,,,,,,,,,,,,
,,,,,,,,,,,,,,,,,,,,,,,,,,,,,,
,,,,,,,,,,,,,,,,,,,,,,,,,,,,,,
,,,,,,,,,,,,,,,,,,,,,,,,,,,,,,
,,,,,,,,,,,,,,,,,,,,,,,,,,,,,,
,,,,,,,,,,,,,,,,,,,,,,,,,,,,,,
,,,,,,,,,,,,,,,,,,,,,,,,,,,,,,
,,,,,,,,,,,,,,,,,,,,,,,,,,,,,,
,,,,,,,,,,,,,,,,,,,,,,,,,,,,,,
,,,,,,,,,,,,,,,,,,,,,,,,,,,,,,
,,,,,,,,,,,,,,,,,,,,,,,,,,,,,,
,,,,,,,,,,,,,,,,,,,,,,,,,,,,,,
,,,,,,,,,,,,,,,,,,,,,,,,,,,,,,
,,,,,,,,,,,,,,,,,,,,,,,,,,,,,,
,,,,,,,,,,,,,,,,,,,,,,,,,,,,,,
,,,,,,,,,,,,,,,,,,,,,,,,,,,,,,
,,,,,,,,,,,,,,,,,,,,,,,,,,,,,,
,,,,,,,,,,,,,,,,,,,,,,,,,,,,,,
,,,,,,,,,,,,,,,,,,,,,,,,,,,,,,
,,,,,,,,,,,,,,,,,,,,,,,,,,,,,,
,,,,,,,,,,,,,,,,,,,,,,,,,,,,,,
,,,,,,,,,,,,,,,,,,,,,,,,,,,,,,
,,,,,,,,,,,,,,,,,,,,,,,,,,,,,,
,,,,,,,,,,,,,,,,,,,,,,,,,,,,,,
,,,,,,,,,,,,,,,,,,,,,,,,,,,,,,
,,,,,,,,,,,,,,,,,,,,,,,,,,,,,,
,,,,,,,,,,,,,,,,,,,,,,,,,,,,,,
,,,,,,,,,,,,,,,,,,,,,,,,,,,,,,
,,,,,,,,,,,,,,,,,,,,,,,,,,,,,,
,,,,,,,,,,,,,,,,,,,,,,,,,,,,,,
,,,,,,,,,,,,,,,,,,,,,,,,,,,,,,
,,,,,,,,,,,,,,,,,,,,,,,,,,,,,,
,,,,,,,,,,,,,,,,,,,,,,,,,,,,,,
,,,,,,,,,,,,,,,,,,,,,,,,,,,,,,
,,,,,,,,,,,,,,,,,,,,,,,,,,,,,,
,,,,,,,,,,,,,,,,,,,,,,,,,,,,,,
,,,,,,,,,,,,,,,,,,,,,,,,,,,,,,
,,,,,,,,,,,,,,,,,,,,,,,,,,,,,,
,,,,,,,,,,,,,,,,,,,,,,,,,,,,,,
,,,,,,,,,,,,,,,,,,,,,,,,,,,,,,
,,,,,,,,,,,,,,,,,,,,,,,,,,,,,,
,,,,,,,,,,,,,,,,,,,,,,,,,,,,,,
,,,,,,,,,,,,,,,,,,,,,,,,,,,,,,
,,,,,,,,,,,,,,,,,,,,,,,,,,,,,,
,,,,,,,,,,,,,,,,,,,,,,,,,,,,,,
,,,,,,,,,,,,,,,,,,,,,,,,,,,,,,
,,,,,,,,,,,,,,,,,,,,,,,,,,,,,,
,,,,,,,,,,,,,,,,,,,,,,,,,,,,,,
,,,,,,,,,,,,,,,,,,,,,,,,,,,,,,
,,,,,,,,,,,,,,,,,,,,,,,,,,,,,,
,,,,,,,,,,,,,,,,,,,,,,,,,,,,,,
,,,,,,,,,,,,,,,,,,,,,,,,,,,,,,
,,,,,,,,,,,,,,,,,,,,,,,,,,,,,,
,,,,,,,,,,,,,,,,,,,,,,,,,,,,,,
,,,,,,,,,,,,,,,,,,,,,,,,,,,,,,
,,,,,,,,,,,,,,,,,,,,,,,,,,,,,,
,,,,,,,,,,,,,,,,,,,,,,,,,,,,,,
,,,,,,,,,,,,,,,,,,,,,,,,,,,,,,
,,,,,,,,,,,,,,,,,,,,,,,,,,,,,,
,,,,,,,,,,,,,,,,,,,,,,,,,,,,,,
,,,,,,,,,,,,,,,,,,,,,,,,,,,,,,
,,,,,,,,,,,,,,,,,,,,,,,,,,,,,,
,,,,,,,,,,,,,,,,,,,,,,,,,,,,,,
,,,,,,,,,,,,,,,,,,,,,,,,,,,,,,
,,,,,,,,,,,,,,,,,,,,,,,,,,,,,,
,,,,,,,,,,,,,,,,,,,,,,,,,,,,,,
,,,,,,,,,,,,,,,,,,,,,,,,,,,,,,
,,,,,,,,,,,,,,,,,,,,,,,,,,,,,,
,,,,,,,,,,,,,,,,,,,,,,,,,,,,,,
,,,,,,,,,,,,,,,,,,,,,,,,,,,,,,
,,,,,,,,,,,,,,,,,,,,,,,,,,,,,,
,,,,,,,,,,,,,,,,,,,,,,,,,,,,,,
,,,,,,,,,,,,,,,,,,,,,,,,,,,,,,
,,,,,,,,,,,,,,,,,,,,,,,,,,,,,,
,,,,,,,,,,,,,,,,,,,,,,,,,,,,,,
,,,,,,,,,,,,,,,,,,,,,,,,,,,,,,
,,,,,,,,,,,,,,,,,,,,,,,,,,,,,,
,,,,,,,,,,,,,,,,,,,,,,,,,,,,,,
,,,,,,,,,,,,,,,,,,,,,,,,,,,,,,
,,,,,,,,,,,,,,,,,,,,,,,,,,,,,,
,,,,,,,,,,,,,,,,,,,,,,,,,,,,,,
,,,,,,,,,,,,,,,,,,,,,,,,,,,,,,
,,,,,,,,,,,,,,,,,,,,,,,,,,,,,,
,,,,,,,,,,,,,,,,,,,,,,,,,,,,,,
,,,,,,,,,,,,,,,,,,,,,,,,,,,,,,
,,,,,,,,,,,,,,,,,,,,,,,,,,,,,,
,,,,,,,,,,,,,,,,,,,,,,,,,,,,,,
,,,,,,,,,,,,,,,,,,,,,,,,,,,,,,
,,,,,,,,,,,,,,,,,,,,,,,,,,,,,,
,,,,,,,,,,,,,,,,,,,,,,,,,,,,,,
,,,,,,,,,,,,,,,,,,,,,,,,,,,,,,
,,,,,,,,,,,,,,,,,,,,,,,,,,,,,,
,,,,,,,,,,,,,,,,,,,,,,,,,,,,,,
,,,,,,,,,,,,,,,,,,,,,,,,,,,,,,
,,,,,,,,,,,,,,,,,,,,,,,,,,,,,,
,,,,,,,,,,,,,,,,,,,,,,,,,,,,,,
,,,,,,,,,,,,,,,,,,,,,,,,,,,,,,
,,,,,,,,,,,,,,,,,,,,,,,,,,,,,,
,,,,,,,,,,,,,,,,,,,,,,,,,,,,,,
,,,,,,,,,,,,,,,,,,,,,,,,,,,,,,
,,,,,,,,,,,,,,,,,,,,,,,,,,,,,,
,,,,,,,,,,,,,,,,,,,,,,,,,,,,,,
,,,,,,,,,,,,,,,,,,,,,,,,,,,,,,
,,,,,,,,,,,,,,,,,,,,,,,,,,,,,,
,,,,,,,,,,,,,,,,,,,,,,,,,,,,,,
,,,,,,,,,,,,,,,,,,,,,,,,,,,,,,
,,,,,,,,,,,,,,,,,,,,,,,,,,,,,,
,,,,,,,,,,,,,,,,,,,,,,,,,,,,,,
,,,,,,,,,,,,,,,,,,,,,,,,,,,,,,
,,,,,,,,,,,,,,,,,,,,,,,,,,,,,,
,,,,,,,,,,,,,,,,,,,,,,,,,,,,,,
,,,,,,,,,,,,,,,,,,,,,,,,,,,,,,
,,,,,,,,,,,,,,,,,,,,,,,,,,,,,,
,,,,,,,,,,,,,,,,,,,,,,,,,,,,,,
,,,,,,,,,,,,,,,,,,,,,,,,,,,,,,
,,,,,,,,,,,,,,,,,,,,,,,,,,,,,,
,,,,,,,,,,,,,,,,,,,,,,,,,,,,,,
,,,,,,,,,,,,,,,,,,,,,,,,,,,,,,
,,,,,,,,,,,,,,,,,,,,,,,,,,,,,,
,,,,,,,,,,,,,,,,,,,,,,,,,,,,,,
,,,,,,,,,,,,,,,,,,,,,,,,,,,,,,
,,,,,,,,,,,,,,,,,,,,,,,,,,,,,,
,,,,,,,,,,,,,,,,,,,,,,,,,,,,,,
,,,,,,,,,,,,,,,,,,,,,,,,,,,,,,
,,,,,,,,,,,,,,,,,,,,,,,,,,,,,,
,,,,,,,,,,,,,,,,,,,,,,,,,,,,,,
,,,,,,,,,,,,,,,,,,,,,,,,,,,,,,
,,,,,,,,,,,,,,,,,,,,,,,,,,,,,,
,,,,,,,,,,,,,,,,,,,,,,,,,,,,,,
,,,,,,,,,,,,,,,,,,,,,,,,,,,,,,
,,,,,,,,,,,,,,,,,,,,,,,,,,,,,,
,,,,,,,,,,,,,,,,,,,,,,,,,,,,,,
,,,,,,,,,,,,,,,,,,,,,,,,,,,,,,
,,,,,,,,,,,,,,,,,,,,,,,,,,,,,,
,,,,,,,,,,,,,,,,,,,,,,,,,,,,,,
,,,,,,,,,,,,,,,,,,,,,,,,,,,,,,
,,,,,,,,,,,,,,,,,,,,,,,,,,,,,,
,,,,,,,,,,,,,,,,,,,,,,,,,,,,,,
,,,,,,,,,,,,,,,,,,,,,,,,,,,,,,
,,,,,,,,,,,,,,,,,,,,,,,,,,,,,,
,,,,,,,,,,,,,,,,,,,,,,,,,,,,,,
,,,,,,,,,,,,,,,,,,,,,,,,,,,,,,
,,,,,,,,,,,,,,,,,,,,,,,,,,,,,,
,,,,,,,,,,,,,,,,,,,,,,,,,,,,,,
,,,,,,,,,,,,,,,,,,,,,,,,,,,,,,
,,,,,,,,,,,,,,,,,,,,,,,,,,,,,,
,,,,,,,,,,,,,,,,,,,,,,,,,,,,,,
,,,,,,,,,,,,,,,,,,,,,,,,,,,,,,
,,,,,,,,,,,,,,,,,,,,,,,,,,,,,,
,,,,,,,,,,,,,,,,,,,,,,,,,,,,,,
,,,,,,,,,,,,,,,,,,,,,,,,,,,,,,
,,,,,,,,,,,,,,,,,,,,,,,,,,,,,,
,,,,,,,,,,,,,,,,,,,,,,,,,,,,,,
,,,,,,,,,,,,,,,,,,,,,,,,,,,,,,
,,,,,,,,,,,,,,,,,,,,,,,,,,,,,,
,,,,,,,,,,,,,,,,,,,,,,,,,,,,,,
,,,,,,,,,,,,,,,,,,,,,,,,,,,,,,
,,,,,,,,,,,,,,,,,,,,,,,,,,,,,,
,,,,,,,,,,,,,,,,,,,,,,,,,,,,,,
,,,,,,,,,,,,,,,,,,,,,,,,,,,,,,
,,,,,,,,,,,,,,,,,,,,,,,,,,,,,,
,,,,,,,,,,,,,,,,,,,,,,,,,,,,,,
,,,,,,,,,,,,,,,,,,,,,,,,,,,,,,
,,,,,,,,,,,,,,,,,,,,,,,,,,,,,,
,,,,,,,,,,,,,,,,,,,,,,,,,,,,,,
,,,,,,,,,,,,,,,,,,,,,,,,,,,,,,
,,,,,,,,,,,,,,,,,,,,,,,,,,,,,,
,,,,,,,,,,,,,,,,,,,,,,,,,,,,,,
,,,,,,,,,,,,,,,,,,,,,,,,,,,,,,
,,,,,,,,,,,,,,,,,,,,,,,,,,,,,,
,,,,,,,,,,,,,,,,,,,,,,,,,,,,,,
,,,,,,,,,,,,,,,,,,,,,,,,,,,,,,
,,,,,,,,,,,,,,,,,,,,,,,,,,,,,,
,,,,,,,,,,,,,,,,,,,,,,,,,,,,,,
,,,,,,,,,,,,,,,,,,,,,,,,,,,,,,
,,,,,,,,,,,,,,,,,,,,,,,,,,,,,,
,,,,,,,,,,,,,,,,,,,,,,,,,,,,,,
,,,,,,,,,,,,,,,,,,,,,,,,,,,,,,
,,,,,,,,,,,,,,,,,,,,,,,,,,,,,,
,,,,,,,,,,,,,,,,,,,,,,,,,,,,,,
,,,,,,,,,,,,,,,,,,,,,,,,,,,,,,
,,,,,,,,,,,,,,,,,,,,,,,,,,,,,,
,,,,,,,,,,,,,,,,,,,,,,,,,,,,,,
,,,,,,,,,,,,,,,,,,,,,,,,,,,,,,
,,,,,,,,,,,,,,,,,,,,,,,,,,,,,,
,,,,,,,,,,,,,,,,,,,,,,,,,,,,,,
,,,,,,,,,,,,,,,,,,,,,,,,,,,,,,
,,,,,,,,,,,,,,,,,,,,,,,,,,,,,,
,,,,,,,,,,,,,,,,,,,,,,,,,,,,,,
,,,,,,,,,,,,,,,,,,,,,,,,,,,,,,
,,,,,,,,,,,,,,,,,,,,,,,,,,,,,,
,,,,,,,,,,,,,,,,,,,,,,,,,,,,,,
,,,,,,,,,,,,,,,,,,,,,,,,,,,,,,
,,,,,,,,,,,,,,,,,,,,,,,,,,,,,,
,,,,,,,,,,,,,,,,,,,,,,,,,,,,,,
,,,,,,,,,,,,,,,,,,,,,,,,,,,,,,
,,,,,,,,,,,,,,,,,,,,,,,,,,,,,,
,,,,,,,,,,,,,,,,,,,,,,,,,,,,,,
,,,,,,,,,,,,,,,,,,,,,,,,,,,,,,
,,,,,,,,,,,,,,,,,,,,,,,,,,,,,,
,,,,,,,,,,,,,,,,,,,,,,,,,,,,,,
,,,,,,,,,,,,,,,,,,,,,,,,,,,,,,
,,,,,,,,,,,,,,,,,,,,,,,,,,,,,,
,,,,,,,,,,,,,,,,,,,,,,,,,,,,,,
,,,,,,,,,,,,,,,,,,,,,,,,,,,,,,
,,,,,,,,,,,,,,,,,,,,,,,,,,,,,,
,,,,,,,,,,,,,,,,,,,,,,,,,,,,,,
,,,,,,,,,,,,,,,,,,,,,,,,,,,,,,
,,,,,,,,,,,,,,,,,,,,,,,,,,,,,,
,,,,,,,,,,,,,,,,,,,,,,,,,,,,,,
,,,,,,,,,,,,,,,,,,,,,,,,,,,,,,
,,,,,,,,,,,,,,,,,,,,,,,,,,,,,,
,,,,,,,,,,,,,,,,,,,,,,,,,,,,,,
,,,,,,,,,,,,,,,,,,,,,,,,,,,,,,
,,,,,,,,,,,,,,,,,,,,,,,,,,,,,,
,,,,,,,,,,,,,,,,,,,,,,,,,,,,,,
,,,,,,,,,,,,,,,,,,,,,,,,,,,,,,
,,,,,,,,,,,,,,,,,,,,,,,,,,,,,,
,,,,,,,,,,,,,,,,,,,,,,,,,,,,,,
,,,,,,,,,,,,,,,,,,,,,,,,,,,,,,
,,,,,,,,,,,,,,,,,,,,,,,,,,,,,,
,,,,,,,,,,,,,,,,,,,,,,,,,,,,,,
,,,,,,,,,,,,,,,,,,,,,,,,,,,,,,
,,,,,,,,,,,,,,,,,,,,,,,,,,,,,,
,,,,,,,,,,,,,,,,,,,,,,,,,,,,,,
,,,,,,,,,,,,,,,,,,,,,,,,,,,,,,
,,,,,,,,,,,,,,,,,,,,,,,,,,,,,,
,,,,,,,,,,,,,,,,,,,,,,,,,,,,,,
,,,,,,,,,,,,,,,,,,,,,,,,,,,,,,
,,,,,,,,,,,,,,,,,,,,,,,,,,,,,,
,,,,,,,,,,,,,,,,,,,,,,,,,,,,,,
,,,,,,,,,,,,,,,,,,,,,,,,,,,,,,
,,,,,,,,,,,,,,,,,,,,,,,,,,,,,,
,,,,,,,,,,,,,,,,,,,,,,,,,,,,,,
,,,,,,,,,,,,,,,,,,,,,,,,,,,,,,
,,,,,,,,,,,,,,,,,,,,,,,,,,,,,,
,,,,,,,,,,,,,,,,,,,,,,,,,,,,,,
,,,,,,,,,,,,,,,,,,,,,,,,,,,,,,
,,,,,,,,,,,,,,,,,,,,,,,,,,,,,,
,,,,,,,,,,,,,,,,,,,,,,,,,,,,,,
,,,,,,,,,,,,,,,,,,,,,,,,,,,,,,
,,,,,,,,,,,,,,,,,,,,,,,,,,,,,,
,,,,,,,,,,,,,,,,,,,,,,,,,,,,,,
,,,,,,,,,,,,,,,,,,,,,,,,,,,,,,
,,,,,,,,,,,,,,,,,,,,,,,,,,,,,,
,,,,,,,,,,,,,,,,,,,,,,,,,,,,,,
,,,,,,,,,,,,,,,,,,,,,,,,,,,,,,
,,,,,,,,,,,,,,,,,,,,,,,,,,,,,,
,,,,,,,,,,,,,,,,,,,,,,,,,,,,,,
,,,,,,,,,,,,,,,,,,,,,,,,,,,,,,
,,,,,,,,,,,,,,,,,,,,,,,,,,,,,,
,,,,,,,,,,,,,,,,,,,,,,,,,,,,,,
,,,,,,,,,,,,,,,,,,,,,,,,,,,,,,
,,,,,,,,,,,,,,,,,,,,,,,,,,,,,,
,,,,,,,,,,,,,,,,,,,,,,,,,,,,,,
,,,,,,,,,,,,,,,,,,,,,,,,,,,,,,
,,,,,,,,,,,,,,,,,,,,,,,,,,,,,,
,,,,,,,,,,,,,,,,,,,,,,,,,,,,,,
,,,,,,,,,,,,,,,,,,,,,,,,,,,,,,
,,,,,,,,,,,,,,,,,,,,,,,,,,,,,,
,,,,,,,,,,,,,,,,,,,,,,,,,,,,,,
,,,,,,,,,,,,,,,,,,,,,,,,,,,,,,
,,,,,,,,,,,,,,,,,,,,,,,,,,,,,,
,,,,,,,,,,,,,,,,,,,,,,,,,,,,,,
,,,,,,,,,,,,,,,,,,,,,,,,,,,,,,
,,,,,,,,,,,,,,,,,,,,,,,,,,,,,,
,,,,,,,,,,,,,,,,,,,,,,,,,,,,,,
,,,,,,,,,,,,,,,,,,,,,,,,,,,,,,
,,,,,,,,,,,,,,,,,,,,,,,,,,,,,,
,,,,,,,,,,,,,,,,,,,,,,,,,,,,,,
,,,,,,,,,,,,,,,,,,,,,,,,,,,,,,
,,,,,,,,,,,,,,,,,,,,,,,,,,,,,,
,,,,,,,,,,,,,,,,,,,,,,,,,,,,,,
,,,,,,,,,,,,,,,,,,,,,,,,,,,,,,
,,,,,,,,,,,,,,,,,,,,,,,,,,,,,,
,,,,,,,,,,,,,,,,,,,,,,,,,,,,,,
,,,,,,,,,,,,,,,,,,,,,,,,,,,,,,
,,,,,,,,,,,,,,,,,,,,,,,,,,,,,,
,,,,,,,,,,,,,,,,,,,,,,,,,,,,,,
,,,,,,,,,,,,,,,,,,,,,,,,,,,,,,
,,,,,,,,,,,,,,,,,,,,,,,,,,,,,,
,,,,,,,,,,,,,,,,,,,,,,,,,,,,,,
,,,,,,,,,,,,,,,,,,,,,,,,,,,,,,
,,,,,,,,,,,,,,,,,,,,,,,,,,,,,,
,,,,,,,,,,,,,,,,,,,,,,,,,,,,,,
,,,,,,,,,,,,,,,,,,,,,,,,,,,,,,
,,,,,,,,,,,,,,,,,,,,,,,,,,,,,,
,,,,,,,,,,,,,,,,,,,,,,,,,,,,,,
,,,,,,,,,,,,,,,,,,,,,,,,,,,,,,
,,,,,,,,,,,,,,,,,,,,,,,,,,,,,,
,,,,,,,,,,,,,,,,,,,,,,,,,,,,,,
,,,,,,,,,,,,,,,,,,,,,,,,,,,,,,
,,,,,,,,,,,,,,,,,,,,,,,,,,,,,,
,,,,,,,,,,,,,,,,,,,,,,,,,,,,,,
,,,,,,,,,,,,,,,,,,,,,,,,,,,,,,
,,,,,,,,,,,,,,,,,,,,,,,,,,,,,,
,,,,,,,,,,,,,,,,,,,,,,,,,,,,,,
,,,,,,,,,,,,,,,,,,,,,,,,,,,,,,
,,,,,,,,,,,,,,,,,,,,,,,,,,,,,,
,,,,,,,,,,,,,,,,,,,,,,,,,,,,,,
,,,,,,,,,,,,,,,,,,,,,,,,,,,,,,
,,,,,,,,,,,,,,,,,,,,,,,,,,,,,,
,,,,,,,,,,,,,,,,,,,,,,,,,,,,,,
,,,,,,,,,,,,,,,,,,,,,,,,,,,,,,
,,,,,,,,,,,,,,,,,,,,,,,,,,,,,,
,,,,,,,,,,,,,,,,,,,,,,,,,,,,,,
,,,,,,,,,,,,,,,,,,,,,,,,,,,,,,
,,,,,,,,,,,,,,,,,,,,,,,,,,,,,,
,,,,,,,,,,,,,,,,,,,,,,,,,,,,,,
,,,,,,,,,,,,,,,,,,,,,,,,,,,,,,
,,,,,,,,,,,,,,,,,,,,,,,,,,,,,,
,,,,,,,,,,,,,,,,,,,,,,,,,,,,,,
,,,,,,,,,,,,,,,,,,,,,,,,,,,,,,
,,,,,,,,,,,,,,,,,,,,,,,,,,,,,,
,,,,,,,,,,,,,,,,,,,,,,,,,,,,,,
,,,,,,,,,,,,,,,,,,,,,,,,,,,,,,
,,,,,,,,,,,,,,,,,,,,,,,,,,,,,,
,,,,,,,,,,,,,,,,,,,,,,,,,,,,,,
,,,,,,,,,,,,,,,,,,,,,,,,,,,,,,
,,,,,,,,,,,,,,,,,,,,,,,,,,,,,,
,,,,,,,,,,,,,,,,,,,,,,,,,,,,,,
,,,,,,,,,,,,,,,,,,,,,,,,,,,,,,
,,,,,,,,,,,,,,,,,,,,,,,,,,,,,,
,,,,,,,,,,,,,,,,,,,,,,,,,,,,,,
,,,,,,,,,,,,,,,,,,,,,,,,,,,,,,
,,,,,,,,,,,,,,,,,,,,,,,,,,,,,,
,,,,,,,,,,,,,,,,,,,,,,,,,,,,,,
,,,,,,,,,,,,,,,,,,,,,,,,,,,,,,
,,,,,,,,,,,,,,,,,,,,,,,,,,,,,,
,,,,,,,,,,,,,,,,,,,,,,,,,,,,,,
,,,,,,,,,,,,,,,,,,,,,,,,,,,,,,
,,,,,,,,,,,,,,,,,,,,,,,,,,,,,,
,,,,,,,,,,,,,,,,,,,,,,,,,,,,,,
,,,,,,,,,,,,,,,,,,,,,,,,,,,,,,
,,,,,,,,,,,,,,,,,,,,,,,,,,,,,,
,,,,,,,,,,,,,,,,,,,,,,,,,,,,,,
,,,,,,,,,,,,,,,,,,,,,,,,,,,,,,
,,,,,,,,,,,,,,,,,,,,,,,,,,,,,,
,,,,,,,,,,,,,,,,,,,,,,,,,,,,,,
,,,,,,,,,,,,,,,,,,,,,,,,,,,,,,
,,,,,,,,,,,,,,,,,,,,,,,,,,,,,,
,,,,,,,,,,,,,,,,,,,,,,,,,,,,,,
,,,,,,,,,,,,,,,,,,,,,,,,,,,,,,
,,,,,,,,,,,,,,,,,,,,,,,,,,,,,,
,,,,,,,,,,,,,,,,,,,,,,,,,,,,,,
,,,,,,,,,,,,,,,,,,,,,,,,,,,,,,
,,,,,,,,,,,,,,,,,,,,,,,,,,,,,,
,,,,,,,,,,,,,,,,,,,,,,,,,,,,,,
,,,,,,,,,,,,,,,,,,,,,,,,,,,,,,
,,,,,,,,,,,,,,,,,,,,,,,,,,,,,,
,,,,,,,,,,,,,,,,,,,,,,,,,,,,,,
,,,,,,,,,,,,,,,,,,,,,,,,,,,,,,
,,,,,,,,,,,,,,,,,,,,,,,,,,,,,,
,,,,,,,,,,,,,,,,,,,,,,,,,,,,,,
,,,,,,,,,,,,,,,,,,,,,,,,,,,,,,
,,,,,,,,,,,,,,,,,,,,,,,,,,,,,,
,,,,,,,,,,,,,,,,,,,,,,,,,,,,,,
,,,,,,,,,,,,,,,,,,,,,,,,,,,,,,
,,,,,,,,,,,,,,,,,,,,,,,,,,,,,,
,,,,,,,,,,,,,,,,,,,,,,,,,,,,,,
,,,,,,,,,,,,,,,,,,,,,,,,,,,,,,
,,,,,,,,,,,,,,,,,,,,,,,,,,,,,,
,,,,,,,,,,,,,,,,,,,,,,,,,,,,,,
,,,,,,,,,,,,,,,,,,,,,,,,,,,,,,
,,,,,,,,,,,,,,,,,,,,,,,,,,,,,,
,,,,,,,,,,,,,,,,,,,,,,,,,,,,,,
,,,,,,,,,,,,,,,,,,,,,,,,,,,,,,
,,,,,,,,,,,,,,,,,,,,,,,,,,,,,,
,,,,,,,,,,,,,,,,,,,,,,,,,,,,,,
,,,,,,,,,,,,,,,,,,,,,,,,,,,,,,
,,,,,,,,,,,,,,,,,,,,,,,,,,,,,,
,,,,,,,,,,,,,,,,,,,,,,,,,,,,,,
,,,,,,,,,,,,,,,,,,,,,,,,,,,,,,
,,,,,,,,,,,,,,,,,,,,,,,,,,,,,,
,,,,,,,,,,,,,,,,,,,,,,,,,,,,,,
,,,,,,,,,,,,,,,,,,,,,,,,,,,,,,
,,,,,,,,,,,,,,,,,,,,,,,,,,,,,,
,,,,,,,,,,,,,,,,,,,,,,,,,,,,,,
,,,,,,,,,,,,,,,,,,,,,,,,,,,,,,
,,,,,,,,,,,,,,,,,,,,,,,,,,,,,,
,,,,,,,,,,,,,,,,,,,,,,,,,,,,,,
,,,,,,,,,,,,,,,,,,,,,,,,,,,,,,
,,,,,,,,,,,,,,,,,,,,,,,,,,,,,,
,,,,,,,,,,,,,,,,,,,,,,,,,,,,,,
,,,,,,,,,,,,,,,,,,,,,,,,,,,,,,
,,,,,,,,,,,,,,,,,,,,,,,,,,,,,,
,,,,,,,,,,,,,,,,,,,,,,,,,,,,,,
,,,,,,,,,,,,,,,,,,,,,,,,,,,,,,
,,,,,,,,,,,,,,,,,,,,,,,,,,,,,,
,,,,,,,,,,,,,,,,,,,,,,,,,,,,,,
,,,,,,,,,,,,,,,,,,,,,,,,,,,,,,
,,,,,,,,,,,,,,,,,,,,,,,,,,,,,,
,,,,,,,,,,,,,,,,,,,,,,,,,,,,,,
,,,,,,,,,,,,,,,,,,,,,,,,,,,,,,
,,,,,,,,,,,,,,,,,,,,,,,,,,,,,,
,,,,,,,,,,,,,,,,,,,,,,,,,,,,,,
,,,,,,,,,,,,,,,,,,,,,,,,,,,,,,
,,,,,,,,,,,,,,,,,,,,,,,,,,,,,,
,,,,,,,,,,,,,,,,,,,,,,,,,,,,,,
,,,,,,,,,,,,,,,,,,,,,,,,,,,,,,
,,,,,,,,,,,,,,,,,,,,,,,,,,,,,,
,,,,,,,,,,,,,,,,,,,,,,,,,,,,,,
,,,,,,,,,,,,,,,,,,,,,,,,,,,,,,
,,,,,,,,,,,,,,,,,,,,,,,,,,,,,,
,,,,,,,,,,,,,,,,,,,,,,,,,,,,,,
,,,,,,,,,,,,,,,,,,,,,,,,,,,,,,
,,,,,,,,,,,,,,,,,,,,,,,,,,,,,,
,,,,,,,,,,,,,,,,,,,,,,,,,,,,,,
,,,,,,,,,,,,,,,,,,,,,,,,,,,,,,
,,,,,,,,,,,,,,,,,,,,,,,,,,,,,,
,,,,,,,,,,,,,,,,,,,,,,,,,,,,,,
,,,,,,,,,,,,,,,,,,,,,,,,,,,,,,
,,,,,,,,,,,,,,,,,,,,,,,,,,,,,,
,,,,,,,,,,,,,,,,,,,,,,,,,,,,,,
,,,,,,,,,,,,,,,,,,,,,,,,,,,,,,
,,,,,,,,,,,,,,,,,,,,,,,,,,,,,,
,,,,,,,,,,,,,,,,,,,,,,,,,,,,,,
,,,,,,,,,,,,,,,,,,,,,,,,,,,,,,
,,,,,,,,,,,,,,,,,,,,,,,,,,,,,,
,,,,,,,,,,,,,,,,,,,,,,,,,,,,,,
,,,,,,,,,,,,,,,,,,,,,,,,,,,,,,
,,,,,,,,,,,,,,,,,,,,,,,,,,,,,,
,,,,,,,,,,,,,,,,,,,,,,,,,,,,,,
,,,,,,,,,,,,,,,,,,,,,,,,,,,,,,
,,,,,,,,,,,,,,,,,,,,,,,,,,,,,,
,,,,,,,,,,,,,,,,,,,,,,,,,,,,,,
,,,,,,,,,,,,,,,,,,,,,,,,,,,,,,
,,,,,,,,,,,,,,,,,,,,,,,,,,,,,,
,,,,,,,,,,,,,,,,,,,,,,,,,,,,,,
,,,,,,,,,,,,,,,,,,,,,,,,,,,,,,
,,,,,,,,,,,,,,,,,,,,,,,,,,,,,,
,,,,,,,,,,,,,,,,,,,,,,,,,,,,,,
,,,,,,,,,,,,,,,,,,,,,,,,,,,,,,
,,,,,,,,,,,,,,,,,,,,,,,,,,,,,,
,,,,,,,,,,,,,,,,,,,,,,,,,,,,,,
,,,,,,,,,,,,,,,,,,,,,,,,,,,,,,
,,,,,,,,,,,,,,,,,,,,,,,,,,,,,,
,,,,,,,,,,,,,,,,,,,,,,,,,,,,,,
,,,,,,,,,,,,,,,,,,,,,,,,,,,,,,
,,,,,,,,,,,,,,,,,,,,,,,,,,,,,,
,,,,,,,,,,,,,,,,,,,,,,,,,,,,,,
,,,,,,,,,,,,,,,,,,,,,,,,,,,,,,
,,,,,,,,,,,,,,,,,,,,,,,,,,,,,,
,,,,,,,,,,,,,,,,,,,,,,,,,,,,,,
,,,,,,,,,,,,,,,,,,,,,,,,,,,,,,
,,,,,,,,,,,,,,,,,,,,,,,,,,,,,,
,,,,,,,,,,,,,,,,,,,,,,,,,,,,,,
,,,,,,,,,,,,,,,,,,,,,,,,,,,,,,
,,,,,,,,,,,,,,,,,,,,,,,,,,,,,,
,,,,,,,,,,,,,,,,,,,,,,,,,,,,,,
,,,,,,,,,,,,,,,,,,,,,,,,,,,,,,
,,,,,,,,,,,,,,,,,,,,,,,,,,,,,,
,,,,,,,,,,,,,,,,,,,,,,,,,,,,,,
,,,,,,,,,,,,,,,,,,,,,,,,,,,,,,
,,,,,,,,,,,,,,,,,,,,,,,,,,,,,,
,,,,,,,,,,,,,,,,,,,,,,,,,,,,,,
,,,,,,,,,,,,,,,,,,,,,,,,,,,,,,
,,,,,,,,,,,,,,,,,,,,,,,,,,,,,,
,,,,,,,,,,,,,,,,,,,,,,,,,,,,,,
,,,,,,,,,,,,,,,,,,,,,,,,,,,,,,
,,,,,,,,,,,,,,,,,,,,,,,,,,,,,,
,,,,,,,,,,,,,,,,,,,,,,,,,,,,,,
,,,,,,,,,,,,,,,,,,,,,,,,,,,,,,
,,,,,,,,,,,,,,,,,,,,,,,,,,,,,,
,,,,,,,,,,,,,,,,,,,,,,,,,,,,,,
,,,,,,,,,,,,,,,,,,,,,,,,,,,,,,
,,,,,,,,,,,,,,,,,,,,,,,,,,,,,,
,,,,,,,,,,,,,,,,,,,,,,,,,,,,,,
,,,,,,,,,,,,,,,,,,,,,,,,,,,,,,
,,,,,,,,,,,,,,,,,,,,,,,,,,,,,,
,,,,,,,,,,,,,,,,,,,,,,,,,,,,,,
,,,,,,,,,,,,,,,,,,,,,,,,,,,,,,
,,,,,,,,,,,,,,,,,,,,,,,,,,,,,,
,,,,,,,,,,,,,,,,,,,,,,,,,,,,,,
,,,,,,,,,,,,,,,,,,,,,,,,,,,,,,
,,,,,,,,,,,,,,,,,,,,,,,,,,,,,,
,,,,,,,,,,,,,,,,,,,,,,,,,,,,,,
,,,,,,,,,,,,,,,,,,,,,,,,,,,,,,
,,,,,,,,,,,,,,,,,,,,,,,,,,,,,,
,,,,,,,,,,,,,,,,,,,,,,,,,,,,,,
,,,,,,,,,,,,,,,,,,,,,,,,,,,,,,
,,,,,,,,,,,,,,,,,,,,,,,,,,,,,,
,,,,,,,,,,,,,,,,,,,,,,,,,,,,,,
,,,,,,,,,,,,,,,,,,,,,,,,,,,,,,
,,,,,,,,,,,,,,,,,,,,,,,,,,,,,,
,,,,,,,,,,,,,,,,,,,,,,,,,,,,,,
,,,,,,,,,,,,,,,,,,,,,,,,,,,,,,
,,,,,,,,,,,,,,,,,,,,,,,,,,,,,,
,,,,,,,,,,,,,,,,,,,,,,,,,,,,,,
,,,,,,,,,,,,,,,,,,,,,,,,,,,,,,
,,,,,,,,,,,,,,,,,,,,,,,,,,,,,,
,,,,,,,,,,,,,,,,,,,,,,,,,,,,,,
,,,,,,,,,,,,,,,,,,,,,,,,,,,,,,
,,,,,,,,,,,,,,,,,,,,,,,,,,,,,,
,,,,,,,,,,,,,,,,,,,,,,,,,,,,,,
,,,,,,,,,,,,,,,,,,,,,,,,,,,,,,
,,,,,,,,,,,,,,,,,,,,,,,,,,,,,,
,,,,,,,,,,,,,,,,,,,,,,,,,,,,,,
,,,,,,,,,,,,,,,,,,,,,,,,,,,,,,
,,,,,,,,,,,,,,,,,,,,,,,,,,,,,,
,,,,,,,,,,,,,,,,,,,,,,,,,,,,,,
,,,,,,,,,,,,,,,,,,,,,,,,,,,,,,
,,,,,,,,,,,,,,,,,,,,,,,,,,,,,,
,,,,,,,,,,,,,,,,,,,,,,,,,,,,,,
,,,,,,,,,,,,,,,,,,,,,,,,,,,,,,
,,,,,,,,,,,,,,,,,,,,,,,,,,,,,,
,,,,,,,,,,,,,,,,,,,,,,,,,,,,,,
,,,,,,,,,,,,,,,,,,,,,,,,,,,,,,
,,,,,,,,,,,,,,,,,,,,,,,,,,,,,,
,,,,,,,,,,,,,,,,,,,,,,,,,,,,,,
,,,,,,,,,,,,,,,,,,,,,,,,,,,,,,
,,,,,,,,,,,,,,,,,,,,,,,,,,,,,,
,,,,,,,,,,,,,,,,,,,,,,,,,,,,,,
,,,,,,,,,,,,,,,,,,,,,,,,,,,,,,
,,,,,,,,,,,,,,,,,,,,,,,,,,,,,,
,,,,,,,,,,,,,,,,,,,,,,,,,,,,,,
,,,,,,,,,,,,,,,,,,,,,,,,,,,,,,
,,,,,,,,,,,,,,,,,,,,,,,,,,,,,,
,,,,,,,,,,,,,,,,,,,,,,,,,,,,,,
,,,,,,,,,,,,,,,,,,,,,,,,,,,,,,
,,,,,,,,,,,,,,,,,,,,,,,,,,,,,,
,,,,,,,,,,,,,,,,,,,,,,,,,,,,,,
,,,,,,,,,,,,,,,,,,,,,,,,,,,,,,
,,,,,,,,,,,,,,,,,,,,,,,,,,,,,,
,,,,,,,,,,,,,,,,,,,,,,,,,,,,,,
,,,,,,,,,,,,,,,,,,,,,,,,,,,,,,
,,,,,,,,,,,,,,,,,,,,,,,,,,,,,,
,,,,,,,,,,,,,,,,,,,,,,,,,,,,,,
,,,,,,,,,,,,,,,,,,,,,,,,,,,,,,
,,,,,,,,,,,,,,,,,,,,,,,,,,,,,,
,,,,,,,,,,,,,,,,,,,,,,,,,,,,,,
,,,,,,,,,,,,,,,,,,,,,,,,,,,,,,
,,,,,,,,,,,,,,,,,,,,,,,,,,,,,,
,,,,,,,,,,,,,,,,,,,,,,,,,,,,,,
,,,,,,,,,,,,,,,,,,,,,,,,,,,,,,
,,,,,,,,,,,,,,,,,,,,,,,,,,,,,,
,,,,,,,,,,,,,,,,,,,,,,,,,,,,,,
,,,,,,,,,,,,,,,,,,,,,,,,,,,,,,
,,,,,,,,,,,,,,,,,,,,,,,,,,,,,,
,,,,,,,,,,,,,,,,,,,,,,,,,,,,,,
,,,,,,,,,,,,,,,,,,,,,,,,,,,,,,
,,,,,,,,,,,,,,,,,,,,,,,,,,,,,,
,,,,,,,,,,,,,,,,,,,,,,,,,,,,,,
,,,,,,,,,,,,,,,,,,,,,,,,,,,,,,
,,,,,,,,,,,,,,,,,,,,,,,,,,,,,,
,,,,,,,,,,,,,,,,,,,,,,,,,,,,,,
,,,,,,,,,,,,,,,,,,,,,,,,,,,,,,
,,,,,,,,,,,,,,,,,,,,,,,,,,,,,,
,,,,,,,,,,,,,,,,,,,,,,,,,,,,,,
,,,,,,,,,,,,,,,,,,,,,,,,,,,,,,
,,,,,,,,,,,,,,,,,,,,,,,,,,,,,,
,,,,,,,,,,,,,,,,,,,,,,,,,,,,,,
,,,,,,,,,,,,,,,,,,,,,,,,,,,,,,
,,,,,,,,,,,,,,,,,,,,,,,,,,,,,,
,,,,,,,,,,,,,,,,,,,,,,,,,,,,,,
,,,,,,,,,,,,,,,,,,,,,,,,,,,,,,
,,,,,,,,,,,,,,,,,,,,,,,,,,,,,,
,,,,,,,,,,,,,,,,,,,,,,,,,,,,,,
,,,,,,,,,,,,,,,,,,,,,,,,,,,,,,
,,,,,,,,,,,,,,,,,,,,,,,,,,,,,,
,,,,,,,,,,,,,,,,,,,,,,,,,,,,,,
,,,,,,,,,,,,,,,,,,,,,,,,,,,,,,
,,,,,,,,,,,,,,,,,,,,,,,,,,,,,,
,,,,,,,,,,,,,,,,,,,,,,,,,,,,,,
,,,,,,,,,,,,,,,,,,,,,,,,,,,,,,
,,,,,,,,,,,,,,,,,,,,,,,,,,,,,,
,,,,,,,,,,,,,,,,,,,,,,,,,,,,,,
,,,,,,,,,,,,,,,,,,,,,,,,,,,,,,
,,,,,,,,,,,,,,,,,,,,,,,,,,,,,,
,,,,,,,,,,,,,,,,,,,,,,,,,,,,,,
,,,,,,,,,,,,,,,,,,,,,,,,,,,,,,
,,,,,,,,,,,,,,,,,,,,,,,,,,,,,,
,,,,,,,,,,,,,,,,,,,,,,,,,,,,,,
,,,,,,,,,,,,,,,,,,,,,,,,,,,,,,
,,,,,,,,,,,,,,,,,,,,,,,,,,,,,,
,,,,,,,,,,,,,,,,,,,,,,,,,,,,,,
,,,,,,,,,,,,,,,,,,,,,,,,,,,,,,
,,,,,,,,,,,,,,,,,,,,,,,,,,,,,,
,,,,,,,,,,,,,,,,,,,,,,,,,,,,,,
,,,,,,,,,,,,,,,,,,,,,,,,,,,,,,
,,,,,,,,,,,,,,,,,,,,,,,,,,,,,,
,,,,,,,,,,,,,,,,,,,,,,,,,,,,,,
,,,,,,,,,,,,,,,,,,,,,,,,,,,,,,
,,,,,,,,,,,,,,,,,,,,,,,,,,,,,,
,,,,,,,,,,,,,,,,,,,,,,,,,,,,,,
,,,,,,,,,,,,,,,,,,,,,,,,,,,,,,
,,,,,,,,,,,,,,,,,,,,,,,,,,,,,,
,,,,,,,,,,,,,,,,,,,,,,,,,,,,,,
,,,,,,,,,,,,,,,,,,,,,,,,,,,,,,
,,,,,,,,,,,,,,,,,,,,,,,,,,,,,,
,,,,,,,,,,,,,,,,,,,,,,,,,,,,,,
,,,,,,,,,,,,,,,,,,,,,,,,,,,,,,
,,,,,,,,,,,,,,,,,,,,,,,,,,,,,,
,,,,,,,,,,,,,,,,,,,,,,,,,,,,,,
,,,,,,,,,,,,,,,,,,,,,,,,,,,,,,
,,,,,,,,,,,,,,,,,,,,,,,,,,,,,,
,,,,,,,,,,,,,,,,,,,,,,,,,,,,,,
,,,,,,,,,,,,,,,,,,,,,,,,,,,,,,
,,,,,,,,,,,,,,,,,,,,,,,,,,,,,,
,,,,,,,,,,,,,,,,,,,,,,,,,,,,,,
,,,,,,,,,,,,,,,,,,,,,,,,,,,,,,
,,,,,,,,,,,,,,,,,,,,,,,,,,,,,,
,,,,,,,,,,,,,,,,,,,,,,,,,,,,,,
,,,,,,,,,,,,,,,,,,,,,,,,,,,,,,
,,,,,,,,,,,,,,,,,,,,,,,,,,,,,,
,,,,,,,,,,,,,,,,,,,,,,,,,,,,,,
,,,,,,,,,,,,,,,,,,,,,,,,,,,,,,
,,,,,,,,,,,,,,,,,,,,,,,,,,,,,,
,,,,,,,,,,,,,,,,,,,,,,,,,,,,,,
,,,,,,,,,,,,,,,,,,,,,,,,,,,,,,
,,,,,,,,,,,,,,,,,,,,,,,,,,,,,,
,,,,,,,,,,,,,,,,,,,,,,,,,,,,,,
,,,,,,,,,,,,,,,,,,,,,,,,,,,,,,
,,,,,,,,,,,,,,,,,,,,,,,,,,,,,,
,,,,,,,,,,,,,,,,,,,,,,,,,,,,,,
,,,,,,,,,,,,,,,,,,,,,,,,,,,,,,
,,,,,,,,,,,,,,,,,,,,,,,,,,,,,,
,,,,,,,,,,,,,,,,,,,,,,,,,,,,,,
,,,,,,,,,,,,,,,,,,,,,,,,,,,,,,
,,,,,,,,,,,,,,,,,,,,,,,,,,,,,,
,,,,,,,,,,,,,,,,,,,,,,,,,,,,,,
,,,,,,,,,,,,,,,,,,,,,,,,,,,,,,
,,,,,,,,,,,,,,,,,,,,,,,,,,,,,,
,,,,,,,,,,,,,,,,,,,,,,,,,,,,,,
,,,,,,,,,,,,,,,,,,,,,,,,,,,,,,
,,,,,,,,,,,,,,,,,,,,,,,,,,,,,,
,,,,,,,,,,,,,,,,,,,,,,,,,,,,,,
,,,,,,,,,,,,,,,,,,,,,,,,,,,,,,
,,,,,,,,,,,,,,,,,,,,,,,,,,,,,,
,,,,,,,,,,,,,,,,,,,,,,,,,,,,,,
,,,,,,,,,,,,,,,,,,,,,,,,,,,,,,
,,,,,,,,,,,,,,,,,,,,,,,,,,,,,,
,,,,,,,,,,,,,,,,,,,,,,,,,,,,,,
,,,,,,,,,,,,,,,,,,,,,,,,,,,,,,
,,,,,,,,,,,,,,,,,,,,,,,,,,,,,,
,,,,,,,,,,,,,,,,,,,,,,,,,,,,,,
,,,,,,,,,,,,,,,,,,,,,,,,,,,,,,
,,,,,,,,,,,,,,,,,,,,,,,,,,,,,,
,,,,,,,,,,,,,,,,,,,,,,,,,,,,,,
,,,,,,,,,,,,,,,,,,,,,,,,,,,,,,
,,,,,,,,,,,,,,,,,,,,,,,,,,,,,,
,,,,,,,,,,,,,,,,,,,,,,,,,,,,,,
,,,,,,,,,,,,,,,,,,,,,,,,,,,,,,
,,,,,,,,,,,,,,,,,,,,,,,,,,,,,,
,,,,,,,,,,,,,,,,,,,,,,,,,,,,,,
,,,,,,,,,,,,,,,,,,,,,,,,,,,,,,
,,,,,,,,,,,,,,,,,,,,,,,,,,,,,,
,,,,,,,,,,,,,,,,,,,,,,,,,,,,,,
,,,,,,,,,,,,,,,,,,,,,,,,,,,,,,
,,,,,,,,,,,,,,,,,,,,,,,,,,,,,,
,,,,,,,,,,,,,,,,,,,,,,,,,,,,,,
,,,,,,,,,,,,,,,,,,,,,,,,,,,,,,
,,,,,,,,,,,,,,,,,,,,,,,,,,,,,,
,,,,,,,,,,,,,,,,,,,,,,,,,,,,,,
,,,,,,,,,,,,,,,,,,,,,,,,,,,,,,
,,,,,,,,,,,,,,,,,,,,,,,,,,,,,,
,,,,,,,,,,,,,,,,,,,,,,,,,,,,,,
,,,,,,,,,,,,,,,,,,,,,,,,,,,,,,
,,,,,,,,,,,,,,,,,,,,,,,,,,,,,,
,,,,,,,,,,,,,,,,,,,,,,,,,,,,,,
,,,,,,,,,,,,,,,,,,,,,,,,,,,,,,
,,,,,,,,,,,,,,,,,,,,,,,,,,,,,,
,,,,,,,,,,,,,,,,,,,,,,,,,,,,,,
,,,,,,,,,,,,,,,,,,,,,,,,,,,,,,
,,,,,,,,,,,,,,,,,,,,,,,,,,,,,,
,,,,,,,,,,,,,,,,,,,,,,,,,,,,,,
,,,,,,,,,,,,,,,,,,,,,,,,,,,,,,