RQ_ID,Subquestion_ID,Subquestion,Parameter_ID,Parameter_Name,Response
RQ1,RQ1.1,At which stages of the software lifecycle is energy efficiency considered in microservice-based systems?,RQ1.1.P1,Lifecycle Stage,Not Found
RQ1,RQ1.1,At which stages of the software lifecycle is energy efficiency considered in microservice-based systems?,RQ1.1.P2,Energy Awareness Stage,Not Found
RQ1,RQ1.1,At which stages of the software lifecycle is energy efficiency considered in microservice-based systems?,RQ1.1.P3,Integration Approach,Not Found
RQ1,RQ1.2,"Which microservice architectural elements are primarily considered when measuring energy consumption, and how do they impact energy efficiency?",RQ1.2.P1,Component Type,Not Found
RQ1,RQ1.2,"Which microservice architectural elements are primarily considered when measuring energy consumption, and how do they impact energy efficiency?",RQ1.2.P2,Energy Consumption Source,Not Found
RQ1,RQ1.2,"Which microservice architectural elements are primarily considered when measuring energy consumption, and how do they impact energy efficiency?",RQ1.2.P3,Component Relationship,Not Found
RQ2,RQ2.1,What methods are used to measure energy consumption in microservices?,RQ2.1.P1,Measurement Level,Not Found
RQ2,RQ2.1,What methods are used to measure energy consumption in microservices?,RQ2.1.P2,Measurement Technique,Not Found
RQ2,RQ2.1,What methods are used to measure energy consumption in microservices?,RQ2.1.P3,Data Collection,Not Found
RQ2,RQ2.1,What methods are used to measure energy consumption in microservices?,RQ2.1.P4,Implementation Approach,Not Found
RQ2,RQ2.2,What tools are employed for energy consumption analysis in microservices?,RQ2.2.P1,Tool Type,Not Found
RQ2,RQ2.2,What tools are employed for energy consumption analysis in microservices?,RQ2.2.P2,Deployment Method,Not Found
RQ2,RQ2.2,What tools are employed for energy consumption analysis in microservices?,RQ2.2.P3,Analysis Capability,Not Found
RQ2,RQ2.2,What tools are employed for energy consumption analysis in microservices?,RQ2.2.P4,Granularity,Not Found
RQ2,RQ2.3,What energy efficiency metrics are commonly used to evaluate microservices?,RQ2.3.P1,Metric Type,Not Found
RQ2,RQ2.3,What energy efficiency metrics are commonly used to evaluate microservices?,RQ2.3.P2,Measurement Scope,"ERROR: Run failed: Rate limit reached for gpt-4o in organization org-T3ev0dnVJoWd3FiAVqYzAQBx on tokens per min (TPM): Limit 30000, Used 16702, Requested 18622. Please try again in 10.648s. Visit https://platform.openai.com/account/rate-limits to learn more. (after 3 attempts)"
RQ2,RQ2.3,What energy efficiency metrics are commonly used to evaluate microservices?,RQ2.3.P3,Normalization Basis,Not Found
RQ2,RQ2.3,What energy efficiency metrics are commonly used to evaluate microservices?,RQ2.3.P4,Business Relevance,"ERROR: Run failed: Rate limit reached for gpt-4o in organization org-T3ev0dnVJoWd3FiAVqYzAQBx on tokens per min (TPM): Limit 30000, Used 24242, Requested 19506. Please try again in 27.496s. Visit https://platform.openai.com/account/rate-limits to learn more. (after 3 attempts)"
RQ3,RQ3.1,What approaches are used to improve energy efficiency in microservice architectures?,RQ3.1.P1,Modernization Strategy,Not Found
RQ3,RQ3.1,What approaches are used to improve energy efficiency in microservice architectures?,RQ3.1.P2,Solution Category,Not Found
RQ3,RQ3.1,What approaches are used to improve energy efficiency in microservice architectures?,RQ3.1.P3,Implementation Technologies,"ERROR: Run failed: Rate limit reached for gpt-4o in organization org-T3ev0dnVJoWd3FiAVqYzAQBx on tokens per min (TPM): Limit 30000, Used 23283, Requested 21028. Please try again in 28.622s. Visit https://platform.openai.com/account/rate-limits to learn more. (after 3 attempts)"
RQ3,RQ3.2,What trade-offs exist between energy efficiency and other quality attributes in microservice architectures?,RQ3.2.P1,Quality Attribute,"ERROR: Run failed: Rate limit reached for gpt-4o in organization org-T3ev0dnVJoWd3FiAVqYzAQBx on tokens per min (TPM): Limit 30000, Used 25468, Requested 8193. Please try again in 7.322s. Visit https://platform.openai.com/account/rate-limits to learn more. (after 3 attempts)"
RQ3,RQ3.2,What trade-offs exist between energy efficiency and other quality attributes in microservice architectures?,RQ3.2.P2,Trade-off Relationship,"ERROR: Run failed: Rate limit reached for gpt-4o in organization org-T3ev0dnVJoWd3FiAVqYzAQBx on tokens per min (TPM): Limit 30000, Used 25508, Requested 21983. Please try again in 34.982s. Visit https://platform.openai.com/account/rate-limits to learn more. (after 3 attempts)"
RQ3,RQ3.2,What trade-offs exist between energy efficiency and other quality attributes in microservice architectures?,RQ3.2.P3,Trade-off Severity,Not Found
RQ3,RQ3.2,What trade-offs exist between energy efficiency and other quality attributes in microservice architectures?,RQ3.2.P4,Trade-off Strategy,"ERROR: Run failed: Rate limit reached for gpt-4o in organization org-T3ev0dnVJoWd3FiAVqYzAQBx on tokens per min (TPM): Limit 30000, Used 23587, Requested 23034. Please try again in 33.242s. Visit https://platform.openai.com/account/rate-limits to learn more. (after 3 attempts)"
RQ3,RQ3.3,What challenges affect the adoption of energy-efficient architectural solutions in microservices?,RQ3.3.P1,Challenge Type,"ERROR: Run failed: Rate limit reached for gpt-4o in organization org-T3ev0dnVJoWd3FiAVqYzAQBx on tokens per min (TPM): Limit 30000, Used 23403, Requested 10260. Please try again in 7.326s. Visit https://platform.openai.com/account/rate-limits to learn more. (after 3 attempts)"
RQ3,RQ3.3,What challenges affect the adoption of energy-efficient architectural solutions in microservices?,RQ3.3.P2,Adoption Phase,"ERROR: Run failed: Rate limit reached for gpt-4o in organization org-T3ev0dnVJoWd3FiAVqYzAQBx on tokens per min (TPM): Limit 30000, Used 26063, Requested 24043. Please try again in 40.212s. Visit https://platform.openai.com/account/rate-limits to learn more. (after 3 attempts)"
RQ3,RQ3.3,What challenges affect the adoption of energy-efficient architectural solutions in microservices?,RQ3.3.P3,Challenge Complexity,"ERROR: Run failed: Rate limit reached for gpt-4o in organization org-T3ev0dnVJoWd3FiAVqYzAQBx on tokens per min (TPM): Limit 30000, Used 19731, Requested 24502. Please try again in 28.466s. Visit https://platform.openai.com/account/rate-limits to learn more. (after 3 attempts)"
RQ3,RQ3.3,What challenges affect the adoption of energy-efficient architectural solutions in microservices?,RQ3.3.P4,Mitigation Approach,"ERROR: Run failed: You exceeded your current quota, please check your plan and billing details. For more information on this error, read the docs: https://platform.openai.com/docs/guides/error-codes/api-errors. (after 3 attempts)"
